Date,Year,Month,Day,Mean Temp (°C),Min Temp (°C),Max Temp (°C),Total Precip (mm),Spd of Max Gust (km/h),Pressure
01/01/2020,2020,1,1,25.1,18.8,32.2,,,
02/01/2020,2020,1,2,21.9,16.2,28,,,
03/01/2020,2020,1,3,20.3,13.6,27.5,,,
04/01/2020,2020,1,4,21.7,15.4,29.4,,,
05/01/2020,2020,1,5,24.4,17.2,33.1,,,
06/01/2020,2020,1,6,25.2,16.5,33,,,
07/01/2020,2020,1,7,26.8,20.5,34.5,,,
08/01/2020,2020,1,8,27.9,21.8,35.4,,,
09/01/2020,2020,1,9,28.4,21.6,36.3,,,
10/01/2020,2020,1,10,28.2,21.3,35.5,,,
11/01/2020,2020,1,11,27.6,22.5,34.1,,,
12/01/2020,2020,1,12,29.9,22.9,35.5,,,
13/01/2020,2020,1,13,29.6,23.3,36.6,,,
14/01/2020,2020,1,14,27.6,21,35.5,,,
15/01/2020,2020,1,15,29,21.8,36.2,,,
16/01/2020,2020,1,16,28.2,22.2,35.7,,,
17/01/2020,2020,1,17,27.4,20.8,35.7,,,
18/01/2020,2020,1,18,26.6,19,36,,,
19/01/2020,2020,1,19,25.5,19.6,32.6,,,
20/01/2020,2020,1,20,26.1,18.2,34,,,
21/01/2020,2020,1,21,28.4,20.3,35.7,,,
22/01/2020,2020,1,22,29.2,23.8,35.9,,,
23/01/2020,2020,1,23,28.4,22,35.6,,,
24/01/2020,2020,1,24,27.6,20.8,35.5,,,
25/01/2020,2020,1,25,26.6,20.1,34.5,,,
26/01/2020,2020,1,26,26.5,18.3,35.1,,,
27/01/2020,2020,1,27,27.2,19.1,35.6,,,
28/01/2020,2020,1,28,26.8,19.8,34.5,,,
29/01/2020,2020,1,29,28.6,23.4,36.5,,,
30/01/2020,2020,1,30,28.7,20.7,36.1,,,
31/01/2020,2020,1,31,28.6,20.5,35.9,,,
01/02/2020,2020,2,1,27.9,20.8,35,,,
02/02/2020,2020,2,2,27,19.9,34.8,,,
03/02/2020,2020,2,3,27.2,20.5,35.2,,,
04/02/2020,2020,2,4,27.8,20.6,35.3,,,
05/02/2020,2020,2,5,27.3,20.4,34.3,,,
06/02/2020,2020,2,6,27.7,21.6,35,,,
07/02/2020,2020,2,7,28.1,21.3,35.5,,,
08/02/2020,2020,2,8,28.7,22.4,36,,,
09/02/2020,2020,2,9,29.4,22.1,36.3,,,
10/02/2020,2020,2,10,27.8,22.9,34,,,
11/02/2020,2020,2,11,27.7,22.5,34,,,
12/02/2020,2020,2,12,27.4,20.8,34.2,,,
13/02/2020,2020,2,13,27.4,20.9,35.4,,,
14/02/2020,2020,2,14,28.1,21.2,36.2,,,
15/02/2020,2020,2,15,29.3,20.8,38.5,,,
16/02/2020,2020,2,16,29.8,20.5,38.4,,,
17/02/2020,2020,2,17,30.1,20.8,37.7,,,
18/02/2020,2020,2,18,29.7,22.6,37.5,,,
19/02/2020,2020,2,19,30.4,23,37.6,,,
20/02/2020,2020,2,20,30.3,22.5,38,,,
21/02/2020,2020,2,21,30.8,23.3,38.1,,,
22/02/2020,2020,2,22,31.6,22.6,38.9,,,
23/02/2020,2020,2,23,31.3,23.4,38,,,
24/02/2020,2020,2,24,31.2,,37.6,,,
25/02/2020,2020,2,25,29.1,22.1,36.4,,,
26/02/2020,2020,2,26,29.1,21.2,37.5,,,
27/02/2020,2020,2,27,30.7,24,38.6,,,
28/02/2020,2020,2,28,31.3,24.9,39.1,,,
29/02/2020,2020,2,29,32.4,25.3,40,,,
01/03/2020,2020,3,1,31.7,24.7,39.1,,,
02/03/2020,2020,3,2,31.3,25.9,38.1,,,
03/03/2020,2020,3,3,29.9,23,38.1,0,,
04/03/2020,2020,3,4,30.2,,38.3,,,
05/03/2020,2020,3,5,,,,,,
06/03/2020,2020,3,6,31.8,25.4,39.7,,,
07/03/2020,2020,3,7,31.4,24,39.7,,,
08/03/2020,2020,3,8,31.3,24.7,39.2,,,
09/03/2020,2020,3,9,31.7,26.7,40,,,
10/03/2020,2020,3,10,31.5,25.4,40,,,
11/03/2020,2020,3,11,31.5,25.5,39.8,0.3,,
12/03/2020,2020,3,12,32,23.9,40,0,,
13/03/2020,2020,3,13,31.1,,38,,,
14/03/2020,2020,3,14,29.7,,38,,,
15/03/2020,2020,3,15,31.4,25.5,38.3,,,
16/03/2020,2020,3,16,31.6,23.9,39.5,,,
17/03/2020,2020,3,17,31.3,24.4,38.1,,,
18/03/2020,2020,3,18,31.3,25.2,39.3,,,
19/03/2020,2020,3,19,30.5,25.1,38.7,,,
20/03/2020,2020,3,20,29.2,23.2,36,5.1,,
21/03/2020,2020,3,21,30,24.6,37.4,0,,
22/03/2020,2020,3,22,30.9,24.5,39,,,
23/03/2020,2020,3,23,28.2,,36.6,,,
24/03/2020,2020,3,24,25.2,20,30,39.9,,
25/03/2020,2020,3,25,28.5,23.3,35.5,7.1,,
26/03/2020,2020,3,26,29.4,23.1,36,0,,
27/03/2020,2020,3,27,29.7,23,36,,,
28/03/2020,2020,3,28,30.5,24.1,37.5,,,
29/03/2020,2020,3,29,30.4,24.2,38.7,,,
30/03/2020,2020,3,30,30.7,24.4,38.8,,,
31/03/2020,2020,3,31,29.9,24.5,35.1,,,
01/04/2020,2020,4,1,30.3,24.9,37.3,,,
02/04/2020,2020,4,2,28.6,22.6,37,0.5,,
03/04/2020,2020,4,3,31,24.5,38.8,0,,
04/04/2020,2020,4,4,28.9,,36.4,,,
05/04/2020,2020,4,5,,,,,,
06/04/2020,2020,4,6,29,22.4,33.6,0,,
07/04/2020,2020,4,7,29.8,24.7,37.3,,,
08/04/2020,2020,4,8,28.1,24.1,33.9,0,,
09/04/2020,2020,4,9,28.9,24.4,35.5,0,,
10/04/2020,2020,4,10,27.4,21.1,35.5,15,,
11/04/2020,2020,4,11,29.7,24.9,34.9,0,,
12/04/2020,2020,4,12,30,24.5,36.2,,,
13/04/2020,2020,4,13,30.2,24.1,35.7,,,
14/04/2020,2020,4,14,29.8,24.3,35.9,,,
15/04/2020,2020,4,15,30.5,24.3,37,,,
16/04/2020,2020,4,16,31.5,24.6,39.3,,,
17/04/2020,2020,4,17,30.7,25.4,35.5,,,
18/04/2020,2020,4,18,29.2,24.1,34.9,,,
19/04/2020,2020,4,19,28.9,24.1,35.5,,,
20/04/2020,2020,4,20,27.4,,35.5,0,,
21/04/2020,2020,4,21,28.1,21.7,35.9,,,
22/04/2020,2020,4,22,29.6,24.6,36.5,,,
23/04/2020,2020,4,23,26.2,21.1,32.5,24.9,,
24/04/2020,2020,4,24,29.1,24,35.4,0,,
25/04/2020,2020,4,25,28.8,,36.5,,,
26/04/2020,2020,4,26,25.8,20.9,29.6,9.9,,
27/04/2020,2020,4,27,28.1,22.4,35,0,,
28/04/2020,2020,4,28,29.6,24,35.8,,,
29/04/2020,2020,4,29,29.3,24.5,35.5,,,
30/04/2020,2020,4,30,29.2,23.8,35.1,,,
01/05/2020,2020,5,1,29.4,24.6,36,,,
02/05/2020,2020,5,2,29.6,,36.9,,,
03/05/2020,2020,5,3,26.9,22,31.7,16,,
04/05/2020,2020,5,4,28.4,23.1,34.5,0,,
05/05/2020,2020,5,5,29.5,24.5,36.5,,,
06/05/2020,2020,5,6,28.9,25.6,37.2,,,
07/05/2020,2020,5,7,29.3,23.9,35.8,,,
08/05/2020,2020,5,8,29.6,25.2,36,,,
09/05/2020,2020,5,9,28.8,24.7,37.3,,,
10/05/2020,2020,5,10,24.4,,31.7,0.5,,
11/05/2020,2020,5,11,26.1,22.5,31.5,27.9,,
12/05/2020,2020,5,12,28.8,22.6,34.7,0,,
13/05/2020,2020,5,13,28.9,24,34.8,,,
14/05/2020,2020,5,14,29.6,24,36.4,,,
15/05/2020,2020,5,15,28.9,24.4,34.2,0.5,,
16/05/2020,2020,5,16,29.9,24.7,35.5,0,,
17/05/2020,2020,5,17,27.8,22.1,33.4,19.1,,
18/05/2020,2020,5,18,29.2,23.5,35.5,0.8,,
19/05/2020,2020,5,19,26.2,23.6,31.2,14,,
20/05/2020,2020,5,20,27.1,21.5,34,3,,
21/05/2020,2020,5,21,29.1,23.9,35.5,0,,
22/05/2020,2020,5,22,,,,,,
23/05/2020,2020,5,23,28,22.6,34.5,,,
24/05/2020,2020,5,24,27.5,23.8,35.5,,,
25/05/2020,2020,5,25,26.7,23.3,31.5,,,
26/05/2020,2020,5,26,27.6,23,35.5,,,
27/05/2020,2020,5,27,26.2,21,30.9,22.1,,
28/05/2020,2020,5,28,25.7,22.2,28.8,8.9,,
29/05/2020,2020,5,29,27.1,22.2,33.9,0,,
30/05/2020,2020,5,30,28.7,24.2,34.5,,,
31/05/2020,2020,5,31,,,,,,
01/06/2020,2020,6,1,26.8,,33,0,,
02/06/2020,2020,6,2,25.3,21.5,30.3,13,,
03/06/2020,2020,6,3,27.6,22.9,33.1,0,,
04/06/2020,2020,6,4,27.7,23.9,33.5,,,
05/06/2020,2020,6,5,25,,27.4,,,
06/06/2020,2020,6,6,26.7,21.6,32.4,,,
07/06/2020,2020,6,7,25.6,21,31.7,65,,
08/06/2020,2020,6,8,28.5,23,34.8,0,,
09/06/2020,2020,6,9,,,,,,
10/06/2020,2020,6,10,25.3,21.4,30.5,1,,
11/06/2020,2020,6,11,24.9,21.9,29.5,0,,
12/06/2020,2020,6,12,25,22,29.9,5.1,,
13/06/2020,2020,6,13,26.4,23,31.6,0.3,,
14/06/2020,2020,6,14,25.1,20.3,30.9,22.1,,
15/06/2020,2020,6,15,27.4,23.4,33.2,0,,
16/06/2020,2020,6,16,27.2,,32.9,,,
17/06/2020,2020,6,17,25.6,,31.4,6.1,,
18/06/2020,2020,6,18,24.4,20.7,29.8,11.9,,
19/06/2020,2020,6,19,25.7,21.8,31.3,0,,
20/06/2020,2020,6,20,26.6,21.5,32.9,,,
21/06/2020,2020,6,21,26,21.2,30.5,0,,
22/06/2020,2020,6,22,26.9,23.5,32.1,0,,
23/06/2020,2020,6,23,26.9,23.3,33.1,,,
24/06/2020,2020,6,24,27.6,23.4,33,,,
25/06/2020,2020,6,25,27.9,23.9,33,,,
26/06/2020,2020,6,26,27.2,21.1,32.5,0,,
27/06/2020,2020,6,27,27.4,22.3,32.6,0,,
28/06/2020,2020,6,28,23.9,,28,,,
29/06/2020,2020,6,29,25.2,21.5,29.9,,,
30/06/2020,2020,6,30,25.1,22.7,30.5,,,
01/07/2020,2020,7,1,25.3,21.9,30.9,11.9,,
02/07/2020,2020,7,2,26.6,23,32,2,,
03/07/2020,2020,7,3,27.5,23.5,32.6,0,,
04/07/2020,2020,7,4,23.7,,27.5,,,
05/07/2020,2020,7,5,25.7,22.1,31,,,
06/07/2020,2020,7,6,26.3,23.1,30.5,,,
07/07/2020,2020,7,7,25.7,22.4,30.3,,,
08/07/2020,2020,7,8,26.3,23.4,30.5,,,
09/07/2020,2020,7,9,26.2,23.1,31.2,,,
10/07/2020,2020,7,10,24.1,22.5,29.7,,,
11/07/2020,2020,7,11,25.1,21.9,29.7,,,
12/07/2020,2020,7,12,25.1,,28.7,2,,
13/07/2020,2020,7,13,24.1,21.6,28,4.1,,
14/07/2020,2020,7,14,23.6,21.7,28,75.9,,
15/07/2020,2020,7,15,24.6,22.6,27.4,17,,
16/07/2020,2020,7,16,24,22,26.5,1,,
17/07/2020,2020,7,17,24.7,22.3,27.9,2,,
18/07/2020,2020,7,18,24.5,22.3,28.5,0,,
19/07/2020,2020,7,19,24.5,21,30.2,,,
20/07/2020,2020,7,20,24.5,21.4,28.8,,,
21/07/2020,2020,7,21,24.9,21.4,30.6,,,
22/07/2020,2020,7,22,25.1,22.3,30,,,
23/07/2020,2020,7,23,24.4,22.7,27.2,,,
24/07/2020,2020,7,24,25.3,21.9,29.7,,,
25/07/2020,2020,7,25,25.5,22.4,31.6,,,
26/07/2020,2020,7,26,24.4,22.4,28.5,7.1,,
27/07/2020,2020,7,27,24.2,20.7,29,4.1,,
28/07/2020,2020,7,28,24.8,20.6,29.6,0,,
29/07/2020,2020,7,29,24.6,22.2,28.9,5.1,,
30/07/2020,2020,7,30,25.7,21.4,31.2,0,,
31/07/2020,2020,7,31,23.1,20,26.5,24.9,,
01/08/2020,2020,8,1,24.2,21.7,28.5,0.8,,
02/08/2020,2020,8,2,24.2,21.4,29,0,,
03/08/2020,2020,8,3,25,22,30,,,
04/08/2020,2020,8,4,25.6,21.4,31,,,
05/08/2020,2020,8,5,25.1,21.4,30.5,,,
06/08/2020,2020,8,6,24.2,20.6,27.8,,,
07/08/2020,2020,8,7,23,20.5,26.2,,,
08/08/2020,2020,8,8,23.4,20.4,28.5,,,
09/08/2020,2020,8,9,24.1,20.4,29.1,,,
10/08/2020,2020,8,10,24.4,21,28.5,,,
11/08/2020,2020,8,11,23.6,20.9,27.5,,,
12/08/2020,2020,8,12,24.9,20,31,,,
13/08/2020,2020,8,13,27.8,20.6,32.5,,,
14/08/2020,2020,8,14,,,,,,
15/08/2020,2020,8,15,23.9,21.1,28.6,1,,
16/08/2020,2020,8,16,25.7,22.4,30.3,0,,
17/08/2020,2020,8,17,26.4,22.6,33.5,,,
18/08/2020,2020,8,18,26,22.4,30.5,,,
19/08/2020,2020,8,19,26.1,22.5,30.8,,,
20/08/2020,2020,8,20,26.4,23.3,29.6,,,
21/08/2020,2020,8,21,22.5,,24.6,,,
22/08/2020,2020,8,22,,,,,,
23/08/2020,2020,8,23,24.4,21.6,27.9,,,
24/08/2020,2020,8,24,24.3,21.6,28.8,,,
25/08/2020,2020,8,25,24.3,21.4,28.1,3,,
26/08/2020,2020,8,26,24.9,21.5,29.6,2,,
27/08/2020,2020,8,27,25.3,21.6,29.9,5.1,,
28/08/2020,2020,8,28,23.8,21.5,27.8,4.1,,
29/08/2020,2020,8,29,,,,,,
30/08/2020,2020,8,30,23.4,,28,,,
31/08/2020,2020,8,31,25.4,21.5,30.4,,,
01/09/2020,2020,9,1,,,,,,
02/09/2020,2020,9,2,24.4,21.7,30,17,,
03/09/2020,2020,9,3,24.1,21.5,28.6,3,,
04/09/2020,2020,9,4,25.9,,30.1,0,,
05/09/2020,2020,9,5,22.9,21.1,27,37.1,,
06/09/2020,2020,9,6,,,,,,
07/09/2020,2020,9,7,24.6,21.4,27.7,0.5,,
08/09/2020,2020,9,8,,,,,,
09/09/2020,2020,9,9,,,,,,
10/09/2020,2020,9,10,25.1,21.4,30.2,4.1,,
11/09/2020,2020,9,11,25.7,22.8,30.4,0,,
12/09/2020,2020,9,12,26.8,22,32.6,,,
13/09/2020,2020,9,13,,,,,,
14/09/2020,2020,9,14,26,22.6,31.5,0,,
15/09/2020,2020,9,15,25.3,21.1,29.5,,,
16/09/2020,2020,9,16,24.3,21.5,28.5,11.9,,
17/09/2020,2020,9,17,24.8,21.8,29,7.9,,
18/09/2020,2020,9,18,25.2,22.4,30.9,0,,
19/09/2020,2020,9,19,24.6,20.3,32.1,23.1,,
20/09/2020,2020,9,20,24.4,20,31,4.1,,
21/09/2020,2020,9,21,,,,,,
22/09/2020,2020,9,22,25.2,20,30.5,,,
23/09/2020,2020,9,23,26.6,,31.5,,,
24/09/2020,2020,9,24,24.3,19.9,28.5,24.9,,
25/09/2020,2020,9,25,25.4,21,30.5,4.1,,
26/09/2020,2020,9,26,24.7,,27.9,0,,
27/09/2020,2020,9,27,,,,,,
28/09/2020,2020,9,28,25.5,21.7,31.6,5.1,,
29/09/2020,2020,9,29,,,,,,
30/09/2020,2020,9,30,23.4,21.8,28.3,8.9,,
01/10/2020,2020,10,1,,,,,,
02/10/2020,2020,10,2,26.1,,30.7,0,,
03/10/2020,2020,10,3,25.2,,30.7,,,
04/10/2020,2020,10,4,25.7,21.7,30.5,,,
05/10/2020,2020,10,5,,,,,,
06/10/2020,2020,10,6,26.9,21.1,34,1,,
07/10/2020,2020,10,7,25.1,19.3,30.5,32,,
08/10/2020,2020,10,8,25.1,,31,0,,
09/10/2020,2020,10,9,24.3,20.9,29.1,56.9,,
10/10/2020,2020,10,10,23.8,21.5,28.5,5.1,,
11/10/2020,2020,10,11,25.4,21.2,31.4,11.9,,
12/10/2020,2020,10,12,26.3,21.6,33.1,0,,
13/10/2020,2020,10,13,26.6,21.3,33,2,,
14/10/2020,2020,10,14,25.3,20.7,32,13,,
15/10/2020,2020,10,15,26.5,20.5,31.4,0,,
16/10/2020,2020,10,16,24.8,20,31.5,7.1,,
17/10/2020,2020,10,17,26,21.9,30.5,0.5,,
18/10/2020,2020,10,18,25.9,22,31.5,4.1,,
19/10/2020,2020,10,19,26.3,21.1,32.6,5.1,,
20/10/2020,2020,10,20,26.3,22.4,33,0,,
21/10/2020,2020,10,21,27.3,21.5,33.7,,,
22/10/2020,2020,10,22,27.3,21.9,33,8.9,,
23/10/2020,2020,10,23,26.4,22.6,32.1,0,,
24/10/2020,2020,10,24,26.9,21.6,32.9,,,
25/10/2020,2020,10,25,27.6,22.5,32.5,,,
26/10/2020,2020,10,26,27.3,22.3,32.5,,,
27/10/2020,2020,10,27,27.2,21.8,33,,,
28/10/2020,2020,10,28,27.9,21.7,33.8,,,
29/10/2020,2020,10,29,27.4,21.1,34,,,
30/10/2020,2020,10,30,28,22,34.6,,,
31/10/2020,2020,10,31,28.4,22.6,34.5,,,
01/11/2020,2020,11,1,27.7,22.1,34.5,,,
02/11/2020,2020,11,2,27.3,20.5,33.8,,,
03/11/2020,2020,11,3,28.2,22.6,34.3,,,
04/11/2020,2020,11,4,28,22.4,33.8,,,
05/11/2020,2020,11,5,28.4,21.7,35.1,,,
06/11/2020,2020,11,6,29.5,24.6,35.7,,,
07/11/2020,2020,11,7,27.7,21,34,,,
08/11/2020,2020,11,8,27.6,19.8,34.4,,,
09/11/2020,2020,11,9,28.2,21.6,35.1,,,
10/11/2020,2020,11,10,28,22.4,35,,,
11/11/2020,2020,11,11,27.7,22.1,34.5,,,
12/11/2020,2020,11,12,28.2,21.4,34.6,,,
13/11/2020,2020,11,13,28.4,23,34.4,,,
14/11/2020,2020,11,14,29.1,23.5,35.5,,,
15/11/2020,2020,11,15,29.6,23.8,36.2,,,
16/11/2020,2020,11,16,,,,,,
17/11/2020,2020,11,17,,,,,,
18/11/2020,2020,11,18,28.2,23.5,33.5,,,
19/11/2020,2020,11,19,27.7,20.8,34.8,,,
20/11/2020,2020,11,20,27.6,21,34,,,
21/11/2020,2020,11,21,27.6,20,35,,,
22/11/2020,2020,11,22,29.2,21.5,35.6,,,
23/11/2020,2020,11,23,28.1,21.4,35,,,
24/11/2020,2020,11,24,27.8,21.3,34.6,,,
25/11/2020,2020,11,25,27.9,21.9,35.6,,,
26/11/2020,2020,11,26,28.9,21.5,36.7,,,
27/11/2020,2020,11,27,28.4,22.7,34,,,
28/11/2020,2020,11,28,28.1,23.4,34.5,,,
29/11/2020,2020,11,29,28.8,22.5,35.6,,,
30/11/2020,2020,11,30,28.7,21.1,36.2,,,
01/12/2020,2020,12,1,28.1,16.9,36.5,,,
02/12/2020,2020,12,2,27.6,20.4,36.2,,,
03/12/2020,2020,12,3,28,20,35.7,,,
04/12/2020,2020,12,4,27.1,20.1,35.5,,,
05/12/2020,2020,12,5,26,20,35.9,,,
06/12/2020,2020,12,6,29.1,,36.2,,,
07/12/2020,2020,12,7,28.8,21.6,36.6,,,
08/12/2020,2020,12,8,28.6,22.7,36.3,,,
09/12/2020,2020,12,9,28,21.8,36.5,,,
10/12/2020,2020,12,10,29.1,22.4,36.6,,,
11/12/2020,2020,12,11,29.1,22.4,36.1,,,
12/12/2020,2020,12,12,28.3,21.7,36.5,,,
13/12/2020,2020,12,13,27.8,22,35.4,,,
14/12/2020,2020,12,14,28.8,21.8,36.1,,,
15/12/2020,2020,12,15,28.7,22,36.2,,,
16/12/2020,2020,12,16,28.4,21.6,35.3,,,
17/12/2020,2020,12,17,28.3,22.6,35.6,,,
18/12/2020,2020,12,18,26.9,19.4,34.8,,,
19/12/2020,2020,12,19,27.6,19.1,34.5,,,
20/12/2020,2020,12,20,27.2,21.9,35,,,
21/12/2020,2020,12,21,29.2,,35.6,,,
22/12/2020,2020,12,22,28.3,21.5,35.5,,,
23/12/2020,2020,12,23,28,20.4,35.9,,,
24/12/2020,2020,12,24,28.3,21,35.6,,,
25/12/2020,2020,12,25,27.9,21.1,35,,,
26/12/2020,2020,12,26,26.6,20,34.5,,,
27/12/2020,2020,12,27,26.2,19,34.2,,,
28/12/2020,2020,12,28,26.6,20.4,34.2,,,
29/12/2020,2020,12,29,27.2,20.6,35,,,
30/12/2020,2020,12,30,28.8,21.8,35.7,,,
31/12/2020,2020,12,31,28.4,22.1,36.8,,,
01/01/2021,2021,1,1,28.7,20,37.5,,,
02/01/2021,2021,1,2,28.1,20.4,36.4,,,
03/01/2021,2021,1,3,28.6,22.5,35.9,,,
04/01/2021,2021,1,4,29.9,23.3,37.1,,,
05/01/2021,2021,1,5,29.5,22.4,37.1,,,
06/01/2021,2021,1,6,29.1,22.5,37.5,,,
07/01/2021,2021,1,7,,,,,,
08/01/2021,2021,1,8,28.6,21.5,37.1,,,
09/01/2021,2021,1,9,29.2,21.1,37.4,,,
10/01/2021,2021,1,10,29.2,20.8,36.3,,,
11/01/2021,2021,1,11,29.1,22,36.3,,,
12/01/2021,2021,1,12,29.1,22.3,36.4,,,
13/01/2021,2021,1,13,28.8,21.5,35.7,,,
14/01/2021,2021,1,14,28.3,20.7,36.5,,,
15/01/2021,2021,1,15,28.1,20.1,35.7,,,
16/01/2021,2021,1,16,27.9,20,35.3,,,
17/01/2021,2021,1,17,28.1,20.4,35.9,,,
18/01/2021,2021,1,18,27.7,20.4,34.5,,,
19/01/2021,2021,1,19,27.7,19.7,34.5,,,
20/01/2021,2021,1,20,26.4,19.5,34.5,,,
21/01/2021,2021,1,21,26.9,19.4,35.5,,,
22/01/2021,2021,1,22,26.1,19.5,33.5,,,
23/01/2021,2021,1,23,26.3,21,33.2,,,
24/01/2021,2021,1,24,27.6,21.6,35.4,,,
25/01/2021,2021,1,25,28.3,19.6,36,,,
26/01/2021,2021,1,26,29.1,21.4,37,,,
27/01/2021,2021,1,27,28.8,19.9,36.6,,,
28/01/2021,2021,1,28,28.3,21.1,36.5,,,
29/01/2021,2021,1,29,29.2,23.2,36.1,,,
30/01/2021,2021,1,30,28.4,20.6,35.9,,,
31/01/2021,2021,1,31,27.8,21.6,35.1,,,
01/02/2021,2021,2,1,28.1,23,35.4,,,
02/02/2021,2021,2,2,28.9,20.9,36.9,,,
03/02/2021,2021,2,3,29.5,21.5,37,,,
04/02/2021,2021,2,4,29.8,23.6,37,,,
05/02/2021,2021,2,5,29.3,22.9,36.5,,,
06/02/2021,2021,2,6,29.3,22.9,36,,,
07/02/2021,2021,2,7,30,23.5,37.3,,,
08/02/2021,2021,2,8,30.2,22.2,38,,,
09/02/2021,2021,2,9,30,22,38,,,
10/02/2021,2021,2,10,,,,,,
11/02/2021,2021,2,11,,,,,,
12/02/2021,2021,2,12,,,,,,
13/02/2021,2021,2,13,34.7,,39,,,
14/02/2021,2021,2,14,30.8,23.5,39,,,
15/02/2021,2021,2,15,31.3,24.7,38.5,,,
16/02/2021,2021,2,16,30.9,24.5,38.1,,,
17/02/2021,2021,2,17,30.2,24.1,36.8,,,
18/02/2021,2021,2,18,28.4,21.8,36,,,
19/02/2021,2021,2,19,,,,,,
20/02/2021,2021,2,20,,,,,,
21/02/2021,2021,2,21,,,,,,
22/02/2021,2021,2,22,28.4,21.5,35.6,,,
23/02/2021,2021,2,23,28.8,22.1,36.5,,,
24/02/2021,2021,2,24,,,,,,
25/02/2021,2021,2,25,29.9,22.9,36.5,,,
26/02/2021,2021,2,26,29.6,23,35.9,,,
27/02/2021,2021,2,27,30.2,23.7,37,,,
28/02/2021,2021,2,28,31.2,24.9,38.3,,,
01/03/2021,2021,3,1,31.5,24.3,38.5,,,
02/03/2021,2021,3,2,31.5,24.9,39,,,
03/03/2021,2021,3,3,31.7,23.9,39.4,,,
04/03/2021,2021,3,4,,,,,,
05/03/2021,2021,3,5,31.1,24.8,39,,,
06/03/2021,2021,3,6,31.4,25,38.7,,,
07/03/2021,2021,3,7,31.5,25.7,38.5,,,
08/03/2021,2021,3,8,31.8,24,40,,,
09/03/2021,2021,3,9,31.3,24.5,39.3,,,
10/03/2021,2021,3,10,30,24.1,38.5,,,
11/03/2021,2021,3,11,29.1,23,38.5,0,,
12/03/2021,2021,3,12,30.4,25.3,37.7,,,
13/03/2021,2021,3,13,29.8,23.5,37.5,0,,
14/03/2021,2021,3,14,30.4,25,37.8,,,
15/03/2021,2021,3,15,30.6,24.3,38,,,
16/03/2021,2021,3,16,30.8,23.8,38,,,
17/03/2021,2021,3,17,30.1,25,39,,,
18/03/2021,2021,3,18,26.3,23.1,33.6,,,
19/03/2021,2021,3,19,27.8,22,36.9,,,
20/03/2021,2021,3,20,28.3,22.9,34.9,,,
21/03/2021,2021,3,21,30.3,24.4,38.3,,,
22/03/2021,2021,3,22,30.8,24.3,38.2,,,
23/03/2021,2021,3,23,29.2,23.9,36,,,
24/03/2021,2021,3,24,27.7,23.7,33.9,,,
25/03/2021,2021,3,25,29.3,,31.8,,,
26/03/2021,2021,3,26,29.9,23.4,39.1,,,
27/03/2021,2021,3,27,29.7,23.8,36.5,66,,
28/03/2021,2021,3,28,30.4,25,36.5,0,,
29/03/2021,2021,3,29,31.2,25.9,37.7,,,
30/03/2021,2021,3,30,31.3,26.2,36.7,,,
31/03/2021,2021,3,31,32.1,26.5,38.1,,,
01/04/2021,2021,4,1,31.6,24.5,38,,,
02/04/2021,2021,4,2,31.6,24,39.4,,,
03/04/2021,2021,4,3,30.4,23.5,38,,,
04/04/2021,2021,4,4,31.3,24.4,38.9,,,
05/04/2021,2021,4,5,31.9,24.7,40.1,,,
06/04/2021,2021,4,6,32.2,25,40.5,,,
07/04/2021,2021,4,7,32,24.9,40,,,
08/04/2021,2021,4,8,31.7,25.1,39.3,,,
09/04/2021,2021,4,9,30.7,24.5,38.3,,,
10/04/2021,2021,4,10,30.4,24.4,39.9,,,
11/04/2021,2021,4,11,29.7,23.2,38.3,,,
12/04/2021,2021,4,12,28.1,23.1,37.9,,,
13/04/2021,2021,4,13,27.3,23,34.6,,,
14/04/2021,2021,4,14,28.1,21.6,36.2,,,
15/04/2021,2021,4,15,30.3,23.4,37.9,,,
16/04/2021,2021,4,16,29.5,23.9,36.5,,,
17/04/2021,2021,4,17,29.4,,36.3,,,
18/04/2021,2021,4,18,27.3,21.9,31.6,2,,
19/04/2021,2021,4,19,28.6,22.2,36.4,0,,
20/04/2021,2021,4,20,29.9,24,38,,,
21/04/2021,2021,4,21,29.4,,37,,,
22/04/2021,2021,4,22,28.2,22.4,35.7,15,,
23/04/2021,2021,4,23,29.3,24.5,35.4,0,,
24/04/2021,2021,4,24,29.5,24.3,36.3,,,
25/04/2021,2021,4,25,28.4,23,33.5,,,
26/04/2021,2021,4,26,30.4,24.6,37.5,,,
27/04/2021,2021,4,27,27,20.6,31.4,8.9,,
28/04/2021,2021,4,28,28.3,24,35.1,0,,
29/04/2021,2021,4,29,28,23.5,36.4,,,
30/04/2021,2021,4,30,29.5,23.6,36,,,
01/05/2021,2021,5,1,30.3,24.1,36.9,,,
02/05/2021,2021,5,2,28.6,,37.4,,,
03/05/2021,2021,5,3,28.9,24.2,34.5,,,
04/05/2021,2021,5,4,26.8,21.2,32.6,3,,
05/05/2021,2021,5,5,28.5,24,35.4,0,,
06/05/2021,2021,5,6,28.1,24.4,34,,,
07/05/2021,2021,5,7,26.6,21.8,33,3,,
08/05/2021,2021,5,8,27.7,22.1,34.9,0,,
09/05/2021,2021,5,9,28.4,23.4,35.4,,,
10/05/2021,2021,5,10,28.9,23.8,35.2,,,
11/05/2021,2021,5,11,30.5,23.9,37.4,,,
12/05/2021,2021,5,12,29.3,24.2,35.9,,,
13/05/2021,2021,5,13,29,22.6,35.5,,,
14/05/2021,2021,5,14,29.2,23.5,35,,,
15/05/2021,2021,5,15,27.9,,36,,,
16/05/2021,2021,5,16,27.4,21.1,33.4,,,
17/05/2021,2021,5,17,29.2,24.5,34.4,,,
18/05/2021,2021,5,18,27.6,22.4,32,,,
19/05/2021,2021,5,19,27.5,20.4,33.8,5.1,,
20/05/2021,2021,5,20,29.1,23.8,35,0,,
21/05/2021,2021,5,21,27.4,24.5,31.5,,,
22/05/2021,2021,5,22,25.9,20.3,32.7,22.1,,
23/05/2021,2021,5,23,27.4,21.5,34,0,,
24/05/2021,2021,5,24,28.8,23.8,34.5,,,
25/05/2021,2021,5,25,28.8,23.9,34.1,,,
26/05/2021,2021,5,26,29.5,24.3,35.1,,,
27/05/2021,2021,5,27,28.5,24.8,34.5,,,
28/05/2021,2021,5,28,29.5,23.3,35.5,,,
29/05/2021,2021,5,29,29.3,24.5,35.9,,,
30/05/2021,2021,5,30,27.2,21.7,32.7,11.9,,
31/05/2021,2021,5,31,29,23,35.7,0,,
01/06/2021,2021,6,1,27.2,20,32,24.9,,
02/06/2021,2021,6,2,27.9,22.7,34.2,1,,
03/06/2021,2021,6,3,28.5,24.1,33.9,0,,
04/06/2021,2021,6,4,26.4,20.4,30.9,33,,
05/06/2021,2021,6,5,25.9,21.1,31.6,0,,
06/06/2021,2021,6,6,26.7,22.3,31.9,,,
07/06/2021,2021,6,7,27.8,22.7,33.4,,,
08/06/2021,2021,6,8,27.2,21.8,31.5,2,,
09/06/2021,2021,6,9,27.7,22.6,33.4,0,,
10/06/2021,2021,6,10,27.6,22,33.6,,,
11/06/2021,2021,6,11,27.8,23.7,33.3,,,
12/06/2021,2021,6,12,27.2,,34.9,,,
13/06/2021,2021,6,13,26.6,21,32.6,55.1,,
14/06/2021,2021,6,14,26.4,,32.8,0,,
15/06/2021,2021,6,15,29.2,24.3,34.8,,,
16/06/2021,2021,6,16,23.9,20.1,27.5,7.9,,
17/06/2021,2021,6,17,27.4,22.8,33.5,0,,
18/06/2021,2021,6,18,26.9,22,32.6,0,,
19/06/2021,2021,6,19,28.3,24,34.2,0,,
20/06/2021,2021,6,20,,,,,,
21/06/2021,2021,6,21,25.7,22.5,31.1,9.9,,
22/06/2021,2021,6,22,24.3,22,30.2,2,,
23/06/2021,2021,6,23,26,21.8,31.5,64,,
24/06/2021,2021,6,24,25,20.1,30.5,0,,
25/06/2021,2021,6,25,27.6,22.6,33,,,
26/06/2021,2021,6,26,,,,,,
27/06/2021,2021,6,27,24.7,19.5,30.4,,,
28/06/2021,2021,6,28,26.6,21.8,32.2,,,
29/06/2021,2021,6,29,26.3,21.3,32.5,,,
30/06/2021,2021,6,30,27.3,22.5,33.5,,,
01/07/2021,2021,7,1,24,,30.8,,,
02/07/2021,2021,7,2,24.7,20.5,30,,,
03/07/2021,2021,7,3,25.2,22,30.9,,,
04/07/2021,2021,7,4,25.7,21,32,,,
05/07/2021,2021,7,5,27.3,22.5,33,,,
06/07/2021,2021,7,6,25.3,,30.1,,,
07/07/2021,2021,7,7,26,22,30.5,,,
08/07/2021,2021,7,8,26.6,23.5,31.5,,,
09/07/2021,2021,7,9,26.3,,31.4,,,
10/07/2021,2021,7,10,25.8,23,30.7,,,
11/07/2021,2021,7,11,26.9,22.5,33.5,,,
12/07/2021,2021,7,12,26.2,21.7,31.4,13,,
13/07/2021,2021,7,13,25.2,21.6,30.2,5.1,,
14/07/2021,2021,7,14,25.8,22.3,30.5,0,,
15/07/2021,2021,7,15,24.3,,30.3,,,
16/07/2021,2021,7,16,24.8,21.2,29.6,,,
17/07/2021,2021,7,17,24.8,21.4,29.2,31,,
18/07/2021,2021,7,18,25.6,21.1,31,0,,
19/07/2021,2021,7,19,26.4,23.2,30.9,,,
20/07/2021,2021,7,20,25.8,23.2,30,,,
21/07/2021,2021,7,21,25.1,23,29.4,,,
22/07/2021,2021,7,22,25.2,22.2,30,,,
23/07/2021,2021,7,23,25.1,22.5,29,3,,
24/07/2021,2021,7,24,24.3,22.6,26.7,0,,
25/07/2021,2021,7,25,25.7,21.8,31,0,,
26/07/2021,2021,7,26,26.6,22.5,31.4,,,
27/07/2021,2021,7,27,24.2,22,27,,,
28/07/2021,2021,7,28,23.9,21.9,27.9,0,,
29/07/2021,2021,7,29,25.6,21.1,31.4,0.8,,
30/07/2021,2021,7,30,25.2,,31.9,0,,
31/07/2021,2021,7,31,23.8,19.9,28,96,,
01/08/2021,2021,8,1,24.6,22.6,28,0,,
02/08/2021,2021,8,2,25.2,22,29.7,,,
03/08/2021,2021,8,3,25.6,22.6,31,0,,
04/08/2021,2021,8,4,25.2,22.9,30.7,0,,
05/08/2021,2021,8,5,24.3,21.9,27,0.5,,
06/08/2021,2021,8,6,25.4,21.7,31.7,5.1,,
07/08/2021,2021,8,7,26.1,21.7,31.5,2,,
08/08/2021,2021,8,8,24.6,20.9,30.5,125,,
09/08/2021,2021,8,9,24.7,22.5,29,0.3,,
10/08/2021,2021,8,10,25.1,22.5,30.5,0.3,,
11/08/2021,2021,8,11,24.2,,28.6,1,,
12/08/2021,2021,8,12,23.9,21,29,7.9,,
13/08/2021,2021,8,13,23.3,21,28.2,1,,
14/08/2021,2021,8,14,24.3,21.9,28.8,29,,
15/08/2021,2021,8,15,25.2,22.6,30,3,,
16/08/2021,2021,8,16,23.6,22.6,25,0,,
17/08/2021,2021,8,17,24.4,,28.6,16,,
18/08/2021,2021,8,18,22.6,,26.5,8.9,,
19/08/2021,2021,8,19,24.5,20.1,29,40.9,,
20/08/2021,2021,8,20,25.3,22,31.2,0,,
21/08/2021,2021,8,21,24.8,21.9,30,23.1,,
22/08/2021,2021,8,22,25.9,22.5,31.5,0,,
23/08/2021,2021,8,23,25.3,21.8,32,6.1,,
24/08/2021,2021,8,24,25.3,22,29.5,2,,
25/08/2021,2021,8,25,25,21.7,29.1,17,,
26/08/2021,2021,8,26,24.9,,29.6,0.3,,
27/08/2021,2021,8,27,25.1,,30.5,0.3,,
28/08/2021,2021,8,28,25.4,21.5,31.3,58.9,,
29/08/2021,2021,8,29,26.8,23.2,32.3,0,,
30/08/2021,2021,8,30,24.2,21.4,28.5,34,,
31/08/2021,2021,8,31,25.7,,31.5,1,,
01/09/2021,2021,9,1,26.3,20.5,33,9.9,,
02/09/2021,2021,9,2,22.4,20.3,25.6,38.1,,
03/09/2021,2021,9,3,25.4,22.1,30.8,1,,
04/09/2021,2021,9,4,24.9,19.5,32.5,6.1,,
05/09/2021,2021,9,5,24.6,20,29.6,16,,
06/09/2021,2021,9,6,26.2,22.6,30.5,0,,
07/09/2021,2021,9,7,26.6,23,31.3,,,
08/09/2021,2021,9,8,24.9,,29.1,,,
09/09/2021,2021,9,9,25.4,21.6,30.4,21.1,,
10/09/2021,2021,9,10,23.8,,26.5,0,,
11/09/2021,2021,9,11,24.8,22.1,27.5,7.1,,
12/09/2021,2021,9,12,26.2,21.4,31,0,,
13/09/2021,2021,9,13,25.5,21,29.4,,,
14/09/2021,2021,9,14,24.3,,29.2,5.1,,
15/09/2021,2021,9,15,25.4,22.7,30.2,18,,
16/09/2021,2021,9,16,26.3,22.4,31,0.5,,
17/09/2021,2021,9,17,25.4,20,31.4,52.1,,
18/09/2021,2021,9,18,26.3,22.8,31.7,0,,
19/09/2021,2021,9,19,25.5,21.2,29.5,2,,
20/09/2021,2021,9,20,26.8,23,32.9,0,,
21/09/2021,2021,9,21,25.9,21.5,32.9,39.9,,
22/09/2021,2021,9,22,23.8,21.5,27.8,6.1,,
23/09/2021,2021,9,23,24.5,21.2,29.3,34,,
24/09/2021,2021,9,24,25,23.5,28,0.5,,
25/09/2021,2021,9,25,25.2,20.5,30,2,,
26/09/2021,2021,9,26,25.7,21.8,32.4,0,,
27/09/2021,2021,9,27,25.6,21.4,32.4,8.9,,
28/09/2021,2021,9,28,26.2,22.2,31.7,5.1,,
29/09/2021,2021,9,29,26.6,23.4,30.5,0,,
30/09/2021,2021,9,30,24.3,21,30.5,7.9,,
01/10/2021,2021,10,1,25.8,21.5,31.1,1,,
02/10/2021,2021,10,2,26.3,21.5,31.9,0,,
03/10/2021,2021,10,3,26.2,22.6,31.6,,,
04/10/2021,2021,10,4,26.7,22,32.9,,,
05/10/2021,2021,10,5,26.9,22.5,33.2,,,
06/10/2021,2021,10,6,25.5,21.2,31.3,31,,
07/10/2021,2021,10,7,26.2,21,31.5,0,,
08/10/2021,2021,10,8,26.9,22.2,33.1,0.3,,
09/10/2021,2021,10,9,27.6,23.5,34,0,,
10/10/2021,2021,10,10,27.3,23.4,32.5,,,
11/10/2021,2021,10,11,26.7,23,32.2,,,
12/10/2021,2021,10,12,27.8,23.4,34.4,,,
13/10/2021,2021,10,13,27.7,23.8,34.5,,,
14/10/2021,2021,10,14,27.4,21.5,34,,,
15/10/2021,2021,10,15,27.6,22.1,34.7,,,
16/10/2021,2021,10,16,28.1,22,35.5,,,
17/10/2021,2021,10,17,26.2,,33.1,,,
18/10/2021,2021,10,18,25.5,21.6,30.5,14,,
19/10/2021,2021,10,19,27.1,23.4,32.6,0,,
20/10/2021,2021,10,20,25.7,21,32.8,11.9,,
21/10/2021,2021,10,21,27.3,22.3,33,0,,
22/10/2021,2021,10,22,26.4,23.4,32.7,,,
23/10/2021,2021,10,23,24.8,21.6,30.8,,,
24/10/2021,2021,10,24,25.4,21.9,30.3,14,,
25/10/2021,2021,10,25,26.4,22.5,33.9,0,,
26/10/2021,2021,10,26,27.3,22.6,32.7,,,
27/10/2021,2021,10,27,27.4,22.9,32,,,
28/10/2021,2021,10,28,26.9,22,32.1,0,,
29/10/2021,2021,10,29,27.6,22.2,33.6,,,
30/10/2021,2021,10,30,27.2,22.5,33.5,,,
31/10/2021,2021,10,31,27.9,22.8,33.9,,,
01/11/2021,2021,11,1,27.7,22.4,34,,,
02/11/2021,2021,11,2,27.5,22.5,33.2,,,
03/11/2021,2021,11,3,27.2,23,33.5,,,
04/11/2021,2021,11,4,27.7,23,34,,,
05/11/2021,2021,11,5,27.3,22.1,33,,,
06/11/2021,2021,11,6,26.8,21.2,33.7,,,
07/11/2021,2021,11,7,27.6,21.9,35,,,
08/11/2021,2021,11,8,28.3,22.4,35.6,,,
09/11/2021,2021,11,9,28.4,21.6,34,,,
10/11/2021,2021,11,10,27.6,24.7,33.7,,,
11/11/2021,2021,11,11,27.8,23,35.5,,,
12/11/2021,2021,11,12,28.3,21,35.5,,,
13/11/2021,2021,11,13,27.7,23,33.7,,,
14/11/2021,2021,11,14,28,22.5,35.5,,,
15/11/2021,2021,11,15,28.7,23.9,35.5,,,
16/11/2021,2021,11,16,28.8,22.9,36.6,,,
17/11/2021,2021,11,17,27.9,22.1,34.5,,,
18/11/2021,2021,11,18,28.4,23,35,,,
19/11/2021,2021,11,19,28.4,23,36.5,,,
20/11/2021,2021,11,20,28.8,23.1,36.1,,,
21/11/2021,2021,11,21,27.4,23,34.5,,,
22/11/2021,2021,11,22,27.7,23.3,35,,,
23/11/2021,2021,11,23,27.3,22,35.1,,,
24/11/2021,2021,11,24,28.1,22.5,35.9,,,
25/11/2021,2021,11,25,28.4,22.2,35.8,,,
26/11/2021,2021,11,26,,,,,,
27/11/2021,2021,11,27,29.6,22.6,35.5,,,
28/11/2021,2021,11,28,28.1,22,35.8,,,
29/11/2021,2021,11,29,28.1,19.7,35.5,,,
30/11/2021,2021,11,30,27.9,21.7,35.5,,,
01/12/2021,2021,12,1,28.5,20.4,36.5,,,
02/12/2021,2021,12,2,28.2,21.7,35.5,,,
03/12/2021,2021,12,3,28.6,21,35.5,,,
04/12/2021,2021,12,4,28.8,21.4,35.5,,,
05/12/2021,2021,12,5,28.7,20,35.6,,,
06/12/2021,2021,12,6,28.8,21.4,35.8,,,
07/12/2021,2021,12,7,28.8,21.5,36,,,
08/12/2021,2021,12,8,28.3,21,35.6,,,
09/12/2021,2021,12,9,27.4,21,35.7,,,
10/12/2021,2021,12,10,27.5,20.9,35.5,,,
11/12/2021,2021,12,11,27.3,19.9,34.7,,,
12/12/2021,2021,12,12,28.1,20,35.5,,,
13/12/2021,2021,12,13,28.6,20.9,36.4,,,
14/12/2021,2021,12,14,27.8,20.1,35.5,,,
15/12/2021,2021,12,15,26.6,21.5,35.5,,,
16/12/2021,2021,12,16,26.9,20,34.6,,,
17/12/2021,2021,12,17,26.3,20.1,32.8,,,
18/12/2021,2021,12,18,25.5,18.5,32.1,,,
19/12/2021,2021,12,19,25.9,19.2,33.5,,,
20/12/2021,2021,12,20,24.9,18.5,32.2,,,
21/12/2021,2021,12,21,25.9,18.2,33.4,,,
22/12/2021,2021,12,22,26.4,20.4,33.5,,,
23/12/2021,2021,12,23,27.4,20.6,35.5,,,
24/12/2021,2021,12,24,28,21.5,35.4,,,
25/12/2021,2021,12,25,,,,,,
26/12/2021,2021,12,26,28.9,22,36.9,,,
27/12/2021,2021,12,27,27.9,20.5,35,,,
28/12/2021,2021,12,28,27.9,22.5,34.5,,,
29/12/2021,2021,12,29,,,,,,
30/12/2021,2021,12,30,,,,,,
31/12/2021,2021,12,31,,,,,,
01/01/2022,2022,1,1,,,,,,
02/01/2022,2022,1,2,,,,,,
03/01/2022,2022,1,3,,,,,,
04/01/2022,2022,1,4,,,,,,
05/01/2022,2022,1,5,26.4,19.7,33.6,,,
06/01/2022,2022,1,6,,,,,,
07/01/2022,2022,1,7,30.2,,35.1,,,
08/01/2022,2022,1,8,25.8,21.1,35.5,,,
09/01/2022,2022,1,9,26.2,21.6,35.2,,,
10/01/2022,2022,1,10,,,,,,
11/01/2022,2022,1,11,,,,,,
12/01/2022,2022,1,12,,,,,,
13/01/2022,2022,1,13,28.6,21.1,35.4,,,
14/01/2022,2022,1,14,28.3,21.5,35.7,,,
15/01/2022,2022,1,15,28.4,21,35.6,,,
16/01/2022,2022,1,16,27.5,20.1,35,,,
17/01/2022,2022,1,17,27.1,19,34.9,,,
18/01/2022,2022,1,18,24.3,19.4,32.8,,,
19/01/2022,2022,1,19,24.9,18.7,31.8,,,
20/01/2022,2022,1,20,24.7,18.8,32.4,,,
21/01/2022,2022,1,21,24.7,18.7,32.4,,,
22/01/2022,2022,1,22,24.8,18.9,33.5,,,
23/01/2022,2022,1,23,26.7,20.4,34.2,,,
24/01/2022,2022,1,24,26.7,20,34,,,
25/01/2022,2022,1,25,26.1,19.7,33,,,
26/01/2022,2022,1,26,26.3,18.7,34.5,,,
27/01/2022,2022,1,27,26.6,19.6,34.5,,,
28/01/2022,2022,1,28,26.5,20.1,34.5,,,
29/01/2022,2022,1,29,26.1,20,33.2,,,
30/01/2022,2022,1,30,27,,33.9,,,
31/01/2022,2022,1,31,26.1,19.1,33.4,,,
01/02/2022,2022,2,1,26.1,18.8,34.4,,,
02/02/2022,2022,2,2,25.9,18.5,34.4,,,
03/02/2022,2022,2,3,27.1,19.5,34.8,,,
04/02/2022,2022,2,4,27.2,20.1,34.5,,,
05/02/2022,2022,2,5,27.3,20.6,37.6,,,
06/02/2022,2022,2,6,26.9,20,34.3,,,
07/02/2022,2022,2,7,27.8,21.8,35.5,,,
08/02/2022,2022,2,8,28.9,23,36.6,,,
09/02/2022,2022,2,9,29.6,21.5,38,,,
10/02/2022,2022,2,10,30.1,23,38.3,,,
11/02/2022,2022,2,11,29.5,22,37.7,,,
12/02/2022,2022,2,12,29.6,22.7,37,,,
13/02/2022,2022,2,13,28.5,23.5,36.5,,,
14/02/2022,2022,2,14,30.2,23.2,37.3,,,
15/02/2022,2022,2,15,30.6,21.6,38.5,,,
16/02/2022,2022,2,16,30.8,22.6,39,,,
17/02/2022,2022,2,17,30.4,24,37.9,,,
18/02/2022,2022,2,18,,,,,,
19/02/2022,2022,2,19,,,,,,
20/02/2022,2022,2,20,,,,,,
21/02/2022,2022,2,21,33.1,,37.1,,,
22/02/2022,2022,2,22,30.2,23.8,37.5,,,
23/02/2022,2022,2,23,30.3,23,38,,,
24/02/2022,2022,2,24,30.7,23.5,38.5,,,
25/02/2022,2022,2,25,30.6,23,38.7,,,
26/02/2022,2022,2,26,30.3,22.7,38.4,,,
27/02/2022,2022,2,27,30.6,24.3,37,,,
28/02/2022,2022,2,28,30.4,23.7,38.5,,,
01/03/2022,2022,3,1,31.2,23.5,39.5,,,
02/03/2022,2022,3,2,31.6,24.6,38.8,,,
03/03/2022,2022,3,3,31.1,25,38.2,2,,
04/03/2022,2022,3,4,30.2,24.7,38,0,,
05/03/2022,2022,3,5,29.4,22.5,38.5,0,,
06/03/2022,2022,3,6,31.2,24.9,39,,,
07/03/2022,2022,3,7,31.1,24,38.8,,,
08/03/2022,2022,3,8,29.8,23.6,38.9,,,
09/03/2022,2022,3,9,31.6,24.5,39.5,,,
10/03/2022,2022,3,10,31.2,24,39.5,,,
11/03/2022,2022,3,11,30.2,25,40.6,,,
12/03/2022,2022,3,12,30.4,23.4,38.4,,,
13/03/2022,2022,3,13,28.7,24.4,38.4,,,
14/03/2022,2022,3,14,27.4,22.4,35.2,6.1,,
15/03/2022,2022,3,15,30.8,25.2,37.4,0,,
16/03/2022,2022,3,16,29.4,24.9,36,,,
17/03/2022,2022,3,17,30.4,24.9,38,,,
18/03/2022,2022,3,18,31.9,25.3,39.1,,,
19/03/2022,2022,3,19,30.9,25.3,37.5,,,
20/03/2022,2022,3,20,,,,,,
21/03/2022,2022,3,21,29.3,22.1,36,6.1,,
22/03/2022,2022,3,22,28.9,23,36.8,3,,
23/03/2022,2022,3,23,29.9,24.4,36.7,0,,
24/03/2022,2022,3,24,29.4,25.2,36.2,,,
25/03/2022,2022,3,25,30.6,25,37,,,
26/03/2022,2022,3,26,31.9,26,38.5,,,
27/03/2022,2022,3,27,31.2,24.7,38.5,,,
28/03/2022,2022,3,28,31.8,24.5,39.4,,,
29/03/2022,2022,3,29,31.1,24.4,39,,,
30/03/2022,2022,3,30,31.3,25.5,38.3,,,
31/03/2022,2022,3,31,31.4,25.4,39.9,,,
01/04/2022,2022,4,1,30.8,24.5,38.7,,,
02/04/2022,2022,4,2,31,25,39,,,
03/04/2022,2022,4,3,30.7,25,37.7,,,
04/04/2022,2022,4,4,30.2,24.7,36.7,,,
05/04/2022,2022,4,5,29.9,24.3,37.6,,,
06/04/2022,2022,4,6,28.7,23.5,37.5,3,,
07/04/2022,2022,4,7,29.2,24,37.3,0,,
08/04/2022,2022,4,8,30.5,25,37.4,,,
09/04/2022,2022,4,9,29.2,24,35.4,,,
10/04/2022,2022,4,10,30.3,23.6,38.9,,,
11/04/2022,2022,4,11,29.8,,38.4,,,
12/04/2022,2022,4,12,24.5,20.2,29.1,18,,
13/04/2022,2022,4,13,28.1,22,34.8,0,,
14/04/2022,2022,4,14,26.4,21,33.5,4.1,,
15/04/2022,2022,4,15,27.9,23.1,35.2,1,,
16/04/2022,2022,4,16,27.1,22.2,35.2,1,,
17/04/2022,2022,4,17,29.7,23.7,37.2,0,,
18/04/2022,2022,4,18,26.7,21.5,32.5,5.1,,
19/04/2022,2022,4,19,29.1,24,35.8,0,,
20/04/2022,2022,4,20,28.8,24.8,36.3,,,
21/04/2022,2022,4,21,26.1,23.2,29.2,7.9,,
22/04/2022,2022,4,22,27.9,22,36,0.3,,
23/04/2022,2022,4,23,28.1,24,37.5,0,,
24/04/2022,2022,4,24,26.4,23.2,30.7,1,,
25/04/2022,2022,4,25,28.6,22.6,36.3,0,,
26/04/2022,2022,4,26,29.7,23.6,36.5,,,
27/04/2022,2022,4,27,29.3,24,36.3,,,
28/04/2022,2022,4,28,28.8,24.7,36.4,,,
29/04/2022,2022,4,29,27.9,23,36.6,,,
30/04/2022,2022,4,30,27.2,22.2,34,,,
01/05/2022,2022,5,1,29.4,23.7,36,,,
02/05/2022,2022,5,2,29.3,24,35.5,,,
03/05/2022,2022,5,3,28.7,23.6,36,,,
04/05/2022,2022,5,4,26.1,23.5,31.9,,,
05/05/2022,2022,5,5,27.3,21,34.9,,,
06/05/2022,2022,5,6,25.7,21.4,29.5,7.9,,
07/05/2022,2022,5,7,26.7,23,31.2,0,,
08/05/2022,2022,5,8,28.6,23.4,35,0,,
09/05/2022,2022,5,9,25.4,,28,,,
10/05/2022,2022,5,10,27.1,21.8,32,,,
11/05/2022,2022,5,11,28.8,24.4,33.6,,,
12/05/2022,2022,5,12,28.1,24.1,33.4,,,
13/05/2022,2022,5,13,25,,30.9,0,,
14/05/2022,2022,5,14,26.8,22.8,32.7,10.9,,
15/05/2022,2022,5,15,28.8,23.6,35,0,,
16/05/2022,2022,5,16,28.2,22,34,3,,
17/05/2022,2022,5,17,29.4,24.3,35.5,0,,
18/05/2022,2022,5,18,28.9,23.5,36,,,
19/05/2022,2022,5,19,27.9,24,35,,,
20/05/2022,2022,5,20,29.2,25,36,,,
21/05/2022,2022,5,21,25.9,21.2,30.1,9.9,,
22/05/2022,2022,5,22,26.5,22.3,32.5,0.5,,
23/05/2022,2022,5,23,24.3,,26.8,0,,
24/05/2022,2022,5,24,27.1,22.3,32.5,0.3,,
25/05/2022,2022,5,25,27.9,22.6,33.7,0,,
26/05/2022,2022,5,26,28,23,33.5,,,
27/05/2022,2022,5,27,27.6,22.9,33.8,,,
28/05/2022,2022,5,28,,,,,,
29/05/2022,2022,5,29,28.2,23.4,35.1,,,
30/05/2022,2022,5,30,27.1,,34,,,
31/05/2022,2022,5,31,,,,,,
01/06/2022,2022,6,1,27.6,21,35.3,0,,
02/06/2022,2022,6,2,29.1,23.6,36.2,,,
03/06/2022,2022,6,3,25,20.4,30.1,32,,
04/06/2022,2022,6,4,27.1,22.5,32.7,3,,
05/06/2022,2022,6,5,27.3,23,32.6,0,,
06/06/2022,2022,6,6,26.8,22.5,31.3,,,
07/06/2022,2022,6,7,26.2,,34.4,,,
08/06/2022,2022,6,8,26.4,21.5,33.3,,,
09/06/2022,2022,6,9,26.9,,31.2,,,
10/06/2022,2022,6,10,24.5,20.1,30.1,29,,
11/06/2022,2022,6,11,25.1,21.9,30,2,,
12/06/2022,2022,6,12,26.2,21.7,31.5,2,,
13/06/2022,2022,6,13,27.3,23,34.1,0,,
14/06/2022,2022,6,14,26.5,21.1,32.7,27.9,,
15/06/2022,2022,6,15,25.3,,30.6,3,,
16/06/2022,2022,6,16,24.1,22,29.4,7.9,,
17/06/2022,2022,6,17,24.3,22,30,0.8,,
18/06/2022,2022,6,18,25.5,21.9,30.5,7.9,,
19/06/2022,2022,6,19,25.8,20.7,32.5,17,,
20/06/2022,2022,6,20,,,,,,
21/06/2022,2022,6,21,24.8,19.5,31,11.9,,
22/06/2022,2022,6,22,24.9,20.4,31.3,19.1,,
23/06/2022,2022,6,23,25.9,21.7,31.5,0,,
24/06/2022,2022,6,24,23.4,,26.9,,,
25/06/2022,2022,6,25,24.4,21,28.5,,,
26/06/2022,2022,6,26,25.2,21.5,31.3,,,
27/06/2022,2022,6,27,25.1,21.5,29.6,23.1,,
28/06/2022,2022,6,28,25.9,21,31.6,0.3,,
29/06/2022,2022,6,29,24,,31.3,0,,
30/06/2022,2022,6,30,23.7,19.4,27.9,32,,
01/07/2022,2022,7,1,24.1,21.5,28.8,2,,
02/07/2022,2022,7,2,25.6,,29.6,0,,
03/07/2022,2022,7,3,26,22,31.4,,,
04/07/2022,2022,7,4,24.9,22.6,29.3,0,,
05/07/2022,2022,7,5,,,,,,
06/07/2022,2022,7,6,26.2,21.9,32,0,,
07/07/2022,2022,7,7,26.1,22.6,31.5,,,
08/07/2022,2022,7,8,26.4,23.9,30.5,,,
09/07/2022,2022,7,9,26.7,22.8,32.5,,,
10/07/2022,2022,7,10,25.9,22.9,30.9,,,
11/07/2022,2022,7,11,26.3,22.5,31.2,1,,
12/07/2022,2022,7,12,26.5,22.6,31.6,0,,
13/07/2022,2022,7,13,25.7,22.6,30.5,0,,
14/07/2022,2022,7,14,25.8,23.1,30,,,
15/07/2022,2022,7,15,,,,,,
16/07/2022,2022,7,16,24.6,20.8,28.4,8.9,,
17/07/2022,2022,7,17,24.6,22.2,29.4,11.9,,
18/07/2022,2022,7,18,24.8,22.5,28.5,0,,
19/07/2022,2022,7,19,24.3,21.6,29,,,
20/07/2022,2022,7,20,24.9,20.6,30.5,3,,
21/07/2022,2022,7,21,26.1,21.4,31.5,0,,
22/07/2022,2022,7,22,24.6,22.3,28.9,4.1,,
23/07/2022,2022,7,23,23.7,21.1,27.4,10.9,,
24/07/2022,2022,7,24,24.4,21.9,28,0.8,,
25/07/2022,2022,7,25,26.2,21.7,31.5,0,,
26/07/2022,2022,7,26,23.8,20,27.4,39.1,,
27/07/2022,2022,7,27,25,22.5,29,6.1,,
28/07/2022,2022,7,28,24.2,20.9,30.6,18,,
29/07/2022,2022,7,29,23.5,20.5,29.9,73.9,,
30/07/2022,2022,7,30,23.4,21.5,27.5,18,,
31/07/2022,2022,7,31,24.4,21.6,27.6,5.1,,
01/08/2022,2022,8,1,23.2,21.2,27,0,,
02/08/2022,2022,8,2,23.9,20,28.5,0.8,,
03/08/2022,2022,8,3,25.3,21.6,30.3,0.3,,
04/08/2022,2022,8,4,23.2,20.5,26,7.1,,
05/08/2022,2022,8,5,24.1,20.4,28.4,0,,
06/08/2022,2022,8,6,24.8,20,30.5,,,
07/08/2022,2022,8,7,26.6,21.2,32.5,,,
08/08/2022,2022,8,8,24.1,21.1,26.6,,,
09/08/2022,2022,8,9,24.9,22.3,30.3,,,
10/08/2022,2022,8,10,,,,,,
11/08/2022,2022,8,11,24.9,,32.5,,,
12/08/2022,2022,8,12,24.7,21,29.6,,,
13/08/2022,2022,8,13,26.3,22.9,31.6,0,,
14/08/2022,2022,8,14,24.6,22.5,27.7,0,,
15/08/2022,2022,8,15,23.2,22.1,25.5,16,,
16/08/2022,2022,8,16,24.2,,28.9,0,,
17/08/2022,2022,8,17,24.5,20.8,28.9,0,,
18/08/2022,2022,8,18,26.2,21.8,32.5,0,,
19/08/2022,2022,8,19,24.3,20,28,52.1,,
20/08/2022,2022,8,20,24.1,21.8,28.4,0,,
21/08/2022,2022,8,21,24.6,21.4,30.1,,,
22/08/2022,2022,8,22,25.1,22.5,29.6,,,
23/08/2022,2022,8,23,22.5,20.9,26.3,6.1,,
24/08/2022,2022,8,24,24.1,21.2,28.2,10.9,,
25/08/2022,2022,8,25,24.4,21.6,29.5,0,,
26/08/2022,2022,8,26,22.8,19.7,26.5,39.9,,
27/08/2022,2022,8,27,23.4,21,27,80,,
28/08/2022,2022,8,28,23.6,21.4,37.6,4.1,,
29/08/2022,2022,8,29,24.6,21.5,30,2,,
30/08/2022,2022,8,30,,,,,,
31/08/2022,2022,8,31,24.7,21.8,28.6,14,,
01/09/2022,2022,9,1,24.3,21.7,27,1,,
02/09/2022,2022,9,2,22.9,,24.5,0,,
03/09/2022,2022,9,3,23.9,20.5,28.8,7.9,,
04/09/2022,2022,9,4,24.1,21.3,29.5,5.1,,
05/09/2022,2022,9,5,24.9,21,29,49,,
06/09/2022,2022,9,6,25.7,22.4,30,0,,
07/09/2022,2022,9,7,23.8,22.4,26.5,,,
08/09/2022,2022,9,8,25.1,22.5,30.5,,,
09/09/2022,2022,9,9,24.8,22.4,28.5,,,
10/09/2022,2022,9,10,,,,,,
11/09/2022,2022,9,11,,,,,,
12/09/2022,2022,9,12,23.1,,24.6,,,
13/09/2022,2022,9,13,24.6,21.4,29.1,,,
14/09/2022,2022,9,14,25.6,22,30.8,1,,
15/09/2022,2022,9,15,24.4,20.1,28.9,17,,
16/09/2022,2022,9,16,24.4,22.4,27.2,0.5,,
17/09/2022,2022,9,17,25.9,22.2,31.7,0,,
18/09/2022,2022,9,18,24.1,20.5,28.5,42.9,,
19/09/2022,2022,9,19,24.6,21.6,28.8,10.9,,
20/09/2022,2022,9,20,24.6,21.2,28.9,23.1,,
21/09/2022,2022,9,21,23.9,22,29,0,,
22/09/2022,2022,9,22,24.8,20.2,31.5,0.3,,
23/09/2022,2022,9,23,26,22.7,30.7,4.1,,
24/09/2022,2022,9,24,26,22.5,30.5,11.9,,
25/09/2022,2022,9,25,25.6,20.2,30.6,22.1,,
26/09/2022,2022,9,26,23.4,20.5,30.2,40.9,,
27/09/2022,2022,9,27,24.6,20.8,30,7.1,,
28/09/2022,2022,9,28,23.3,20,27.3,26.9,,
29/09/2022,2022,9,29,24.4,,28.5,0,,
30/09/2022,2022,9,30,23.4,20,28.2,37.1,,
01/10/2022,2022,10,1,24.6,21.5,30.1,4.1,,
02/10/2022,2022,10,2,23.8,,28.1,2,,
03/10/2022,2022,10,3,26.1,20.9,32.5,9.9,,
04/10/2022,2022,10,4,25.7,23,30.2,0,,
05/10/2022,2022,10,5,24.8,,31,0,,
06/10/2022,2022,10,6,22.7,21.5,25.7,22.1,,
07/10/2022,2022,10,7,24.8,21,31,17,,
08/10/2022,2022,10,8,26,21.9,31,4.1,,
09/10/2022,2022,10,9,25.4,21.4,29.5,0.3,,
10/10/2022,2022,10,10,25.7,22,30,0,,
11/10/2022,2022,10,11,26.5,19.9,32,,,
12/10/2022,2022,10,12,26.8,21.9,32.6,,,
13/10/2022,2022,10,13,23.7,,26,0,,
14/10/2022,2022,10,14,25.7,21.5,30.4,9.9,,
15/10/2022,2022,10,15,25.3,,31.5,18,,
16/10/2022,2022,10,16,26.4,21.5,31.7,0,,
17/10/2022,2022,10,17,28.1,22.7,33.2,,,
18/10/2022,2022,10,18,27.8,22.7,33.6,,,
19/10/2022,2022,10,19,27.7,22,34.2,,,
20/10/2022,2022,10,20,28,23.4,33.9,,,
21/10/2022,2022,10,21,26.8,22.9,32,,,
22/10/2022,2022,10,22,,,,,,
23/10/2022,2022,10,23,28.5,22.5,34.5,,,
24/10/2022,2022,10,24,28,21.9,34.7,,,
25/10/2022,2022,10,25,27.9,24,34,,,
26/10/2022,2022,10,26,27.1,23.1,32.9,,,
27/10/2022,2022,10,27,28.3,22.7,34.3,0,,
28/10/2022,2022,10,28,28.1,22.1,34.5,,,
29/10/2022,2022,10,29,28.3,20.1,35,,,
30/10/2022,2022,10,30,27.9,22,35,,,
31/10/2022,2022,10,31,27.4,21.5,34.2,,,
01/11/2022,2022,11,1,28.7,24,34.6,,,
02/11/2022,2022,11,2,28.4,20.9,36.1,,,
03/11/2022,2022,11,3,28.7,22.2,35,,,
04/11/2022,2022,11,4,28.1,22,36,,,
05/11/2022,2022,11,5,28.6,23,35,,,
06/11/2022,2022,11,6,28.3,22,35,,,
07/11/2022,2022,11,7,28.1,21.4,35.5,,,
08/11/2022,2022,11,8,29.2,24,36.1,,,
09/11/2022,2022,11,9,28.4,21.7,36.5,,,
10/11/2022,2022,11,10,28.6,22.4,36,,,
11/11/2022,2022,11,11,27.2,22.4,34.1,,,
12/11/2022,2022,11,12,28.5,22.4,35.5,,,
13/11/2022,2022,11,13,28.8,,35,,,
14/11/2022,2022,11,14,28.8,20.7,35.7,,,
15/11/2022,2022,11,15,28.2,22,34.6,,,
16/11/2022,2022,11,16,28.1,22.5,35,,,
17/11/2022,2022,11,17,27.8,20.9,35,,,
18/11/2022,2022,11,18,,,,,,
19/11/2022,2022,11,19,27.6,20.7,34.4,,,
20/11/2022,2022,11,20,28.3,23.5,35,,,
21/11/2022,2022,11,21,28.4,22.5,35.6,,,
22/11/2022,2022,11,22,28.1,20.5,35.3,,,
23/11/2022,2022,11,23,27.5,20.4,35.4,,,
24/11/2022,2022,11,24,27.9,18.5,35,,,
25/11/2022,2022,11,25,27.3,19.3,35.1,,,
26/11/2022,2022,11,26,27.8,19.6,35.4,,,
27/11/2022,2022,11,27,26.6,20.5,34.5,,,
28/11/2022,2022,11,28,27.3,20.6,35,,,
29/11/2022,2022,11,29,26.7,20,34.3,,,
30/11/2022,2022,11,30,27.1,21,34.5,,,
01/12/2022,2022,12,1,27.9,18.9,35.7,,,
02/12/2022,2022,12,2,28.7,22.6,35,,,
03/12/2022,2022,12,3,28.9,22.9,35.5,,,
04/12/2022,2022,12,4,29.4,22.5,36.6,,,
05/12/2022,2022,12,5,27.8,22.3,34.4,,,
06/12/2022,2022,12,6,28.6,21,35,,,
07/12/2022,2022,12,7,27.3,20,35.1,,,
08/12/2022,2022,12,8,28.5,21.5,35.5,,,
09/12/2022,2022,12,9,27.8,21.5,34.2,,,
10/12/2022,2022,12,10,28,22,35,,,
11/12/2022,2022,12,11,27.5,21.3,34.9,,,
12/12/2022,2022,12,12,27.4,22.4,35,,,
13/12/2022,2022,12,13,27.9,,35.2,,,
14/12/2022,2022,12,14,28.3,22,35.8,,,
15/12/2022,2022,12,15,27.1,18.9,35.5,,,
16/12/2022,2022,12,16,28.1,19.6,36,,,
17/12/2022,2022,12,17,27.2,21.3,34.2,,,
18/12/2022,2022,12,18,27,20,33.3,,,
19/12/2022,2022,12,19,26.7,20.2,34.1,,,
20/12/2022,2022,12,20,26.7,19.5,34,,,
21/12/2022,2022,12,21,26.4,20.4,33.4,,,
22/12/2022,2022,12,22,25.5,20,31.5,,,
23/12/2022,2022,12,23,25.2,19.4,32.2,,,
24/12/2022,2022,12,24,24.3,19.3,31,,,
25/12/2022,2022,12,25,25.1,18.9,32.5,,,
26/12/2022,2022,12,26,24.5,18.4,33.5,,,
27/12/2022,2022,12,27,26.5,19.9,34.4,,,
28/12/2022,2022,12,28,26.5,20,34.2,,,
29/12/2022,2022,12,29,26.1,19.5,33.6,,,
30/12/2022,2022,12,30,25.4,18.5,32.4,,,
31/12/2022,2022,12,31,24.6,18.2,32,,,
01/01/2023,2023,1,1,24.4,16.9,33,,,
02/01/2023,2023,1,2,24.9,18.5,32.6,,,
03/01/2023,2023,1,3,24.8,18.1,32.4,,,
04/01/2023,2023,1,4,25.8,20,33.3,,,
05/01/2023,2023,1,5,26.2,20.4,33.1,,,
06/01/2023,2023,1,6,26.8,20.5,34.4,,,
07/01/2023,2023,1,7,26.7,21.5,35.1,,,
08/01/2023,2023,1,8,28,21.6,35.5,,,
09/01/2023,2023,1,9,27.9,21.3,35.5,,,
10/01/2023,2023,1,10,26.6,20,34.4,,,
11/01/2023,2023,1,11,26.1,19,33.9,,,
12/01/2023,2023,1,12,26.1,19.6,33.5,,,
13/01/2023,2023,1,13,26.4,20.5,34.1,,,
14/01/2023,2023,1,14,26.3,16.6,34.6,,,
15/01/2023,2023,1,15,26.9,19.5,34,,,
16/01/2023,2023,1,16,27.2,21.4,34.1,,,
17/01/2023,2023,1,17,26.3,19.5,34,,,
18/01/2023,2023,1,18,26.9,20.5,35,,,
19/01/2023,2023,1,19,27.3,19.8,35.5,,,
20/01/2023,2023,1,20,27.6,20.4,36.1,,,
21/01/2023,2023,1,21,28.3,19.5,37,,,
22/01/2023,2023,1,22,28.7,21.6,36.1,,,
23/01/2023,2023,1,23,28.7,22.8,36,,,
24/01/2023,2023,1,24,29.5,23.5,36.6,,,
25/01/2023,2023,1,25,29.7,22.3,37.7,,,
26/01/2023,2023,1,26,28.8,21.2,38,,,
27/01/2023,2023,1,27,29.2,21.5,38,,,
28/01/2023,2023,1,28,29.3,23.5,36.8,,,
29/01/2023,2023,1,29,28.9,24,35.5,,,
30/01/2023,2023,1,30,29,22.6,36.4,,,
31/01/2023,2023,1,31,28.1,21.5,36.4,,,
01/02/2023,2023,2,1,30.1,21.3,38.5,,,
02/02/2023,2023,2,2,29.7,23.4,36.5,,,
03/02/2023,2023,2,3,30.6,24,37.5,,,
04/02/2023,2023,2,4,30.6,23,38,,,
05/02/2023,2023,2,5,30.3,23.5,38,,,
06/02/2023,2023,2,6,30.3,23.6,38,,,
07/02/2023,2023,2,7,29.9,24.8,36.5,,,
08/02/2023,2023,2,8,29.4,22.9,37.5,,,
09/02/2023,2023,2,9,29.3,22.5,36.8,,,
10/02/2023,2023,2,10,29.4,22.4,37,,,
11/02/2023,2023,2,11,30.1,22.9,37.6,,,
12/02/2023,2023,2,12,29.9,23.7,37.5,,,
13/02/2023,2023,2,13,29.6,22.4,37.1,,,
14/02/2023,2023,2,14,28.9,22,36.5,,,
15/02/2023,2023,2,15,27.6,21.2,34.5,,,
16/02/2023,2023,2,16,26.2,20.4,33.5,,,
17/02/2023,2023,2,17,25.8,21,32,,,
18/02/2023,2023,2,18,26.9,21.3,34.6,,,
19/02/2023,2023,2,19,28.9,22.3,35.5,,,
20/02/2023,2023,2,20,28.7,21.6,35.7,,,
21/02/2023,2023,2,21,,,,,,
22/02/2023,2023,2,22,29.6,22.6,37.9,,,
23/02/2023,2023,2,23,30.8,22.1,39,,,
24/02/2023,2023,2,24,,,,,,
25/02/2023,2023,2,25,,,,,,
26/02/2023,2023,2,26,,,,,,
27/02/2023,2023,2,27,33.5,,37.5,,,
28/02/2023,2023,2,28,29.8,23,37.5,,,
01/03/2023,2023,3,1,31.2,24.9,38.8,,,
02/03/2023,2023,3,2,30.3,23.8,40.2,,,
03/03/2023,2023,3,3,32.6,24.4,39.4,,,
04/03/2023,2023,3,4,30.8,23.6,39.5,,,
05/03/2023,2023,3,5,31.6,23.9,39.1,0,,
06/03/2023,2023,3,6,30.9,25.1,39.9,,,
07/03/2023,2023,3,7,30,24.4,38,,,
08/03/2023,2023,3,8,30.2,24,37.9,,,
09/03/2023,2023,3,9,28,,36.5,0,,
10/03/2023,2023,3,10,28.3,22.4,37,18,,
11/03/2023,2023,3,11,29.9,24.3,36.6,0,,
12/03/2023,2023,3,12,29.9,24.6,37.3,,,
13/03/2023,2023,3,13,27.7,23.6,38,,,
14/03/2023,2023,3,14,29.8,22.7,37.5,,,
15/03/2023,2023,3,15,29.8,23.3,38,,,
16/03/2023,2023,3,16,29.5,,38.5,,,
17/03/2023,2023,3,17,30.8,23.5,39.1,,,
18/03/2023,2023,3,18,28.9,,36.6,,,
19/03/2023,2023,3,19,27.3,19.4,34.8,15,,
20/03/2023,2023,3,20,29.1,22.6,36.5,0,,
21/03/2023,2023,3,21,,,,,,
22/03/2023,2023,3,22,27.3,22.5,36,0,,
23/03/2023,2023,3,23,27.8,23.4,35.9,3,,
24/03/2023,2023,3,24,29.6,22,37.2,0,,
25/03/2023,2023,3,25,29.1,24.2,36.5,,,
26/03/2023,2023,3,26,28.4,23.9,36.9,,,
27/03/2023,2023,3,27,27.7,22,34.5,,,
28/03/2023,2023,3,28,29.4,24.5,37.3,,,
29/03/2023,2023,3,29,31.2,25.5,37.5,,,
30/03/2023,2023,3,30,29.8,23.4,37,,,
31/03/2023,2023,3,31,30.2,24.3,36.6,,,
01/04/2023,2023,4,1,30.4,25,37.2,,,
02/04/2023,2023,4,2,30.1,24.1,36.5,,,
03/04/2023,2023,4,3,31.1,25.3,38,,,
04/04/2023,2023,4,4,31.1,25.5,37.6,,,
05/04/2023,2023,4,5,31.1,24.5,38,,,
06/04/2023,2023,4,6,29.6,24.8,37.5,,,
07/04/2023,2023,4,7,30.7,25,38.4,,,
08/04/2023,2023,4,8,28.9,24.4,34.1,,,
09/04/2023,2023,4,9,30.5,24,38.4,,,
10/04/2023,2023,4,10,28.6,24.4,36.3,,,
11/04/2023,2023,4,11,,,,,,
12/04/2023,2023,4,12,31.4,,38.2,,,
13/04/2023,2023,4,13,28.3,25,38,,,
14/04/2023,2023,4,14,30,22.7,38.8,,,
15/04/2023,2023,4,15,29.8,25.4,35.2,,,
16/04/2023,2023,4,16,28.7,23.6,37,,,
17/04/2023,2023,4,17,28.3,23.1,35,0.5,,
18/04/2023,2023,4,18,30.6,24.4,38.3,0,,
19/04/2023,2023,4,19,26.7,20.1,32.5,16,,
20/04/2023,2023,4,20,29.7,24.4,35.4,0,,
21/04/2023,2023,4,21,30.3,26,36.5,,,
22/04/2023,2023,4,22,30.3,24.3,37.1,,,
23/04/2023,2023,4,23,28.5,,36.5,,,
24/04/2023,2023,4,24,27.8,21.4,34.5,17,,
25/04/2023,2023,4,25,30.2,21,37.5,0,,
26/04/2023,2023,4,26,28.3,24.2,37.5,2,,
27/04/2023,2023,4,27,26.3,22.5,31.5,20.1,,
28/04/2023,2023,4,28,28.1,22.4,35,0.8,,
29/04/2023,2023,4,29,23.9,,28.6,0,,
30/04/2023,2023,4,30,25.6,20.5,31.8,73.9,,
01/05/2023,2023,5,1,28.4,23.4,34.4,0,,
02/05/2023,2023,5,2,29.2,23.4,35.8,,,
03/05/2023,2023,5,3,27.7,20.8,34.2,4.1,,
04/05/2023,2023,5,4,29.3,23.5,35,0,,
05/05/2023,2023,5,5,27.8,23,33.5,,,
06/05/2023,2023,5,6,29.6,24.9,34.6,,,
07/05/2023,2023,5,7,27.3,23,35.7,,,
08/05/2023,2023,5,8,26.9,21.3,34,2,,
09/05/2023,2023,5,9,30.1,24.9,37.5,0,,
10/05/2023,2023,5,10,30.3,25,36.1,,,
11/05/2023,2023,5,11,30.2,25,36,,,
12/05/2023,2023,5,12,27.2,,32,0,,
13/05/2023,2023,5,13,29.6,25.2,35.5,9.9,,
14/05/2023,2023,5,14,29.9,24.1,36.9,0,,
15/05/2023,2023,5,15,26.8,22.4,31.9,2,,
16/05/2023,2023,5,16,,,,,,
17/05/2023,2023,5,17,29.5,24.4,37,,,
18/05/2023,2023,5,18,24.9,21.1,27.6,16,,
19/05/2023,2023,5,19,27.6,22.5,33.9,16,,
20/05/2023,2023,5,20,29,25.2,33.9,0,,
21/05/2023,2023,5,21,27.7,23.3,32,,,
22/05/2023,2023,5,22,28.6,24.4,33.2,,,
23/05/2023,2023,5,23,28.1,24,32.1,,,
24/05/2023,2023,5,24,24.8,,32.4,,,
25/05/2023,2023,5,25,26.2,22.3,33,,,
26/05/2023,2023,5,26,28.8,23.9,35.4,,,
27/05/2023,2023,5,27,27.7,22.4,32,,,
28/05/2023,2023,5,28,27.8,22.5,33.9,,,
29/05/2023,2023,5,29,27.9,23.9,32.6,,,
30/05/2023,2023,5,30,28.6,23.2,35.4,,,
31/05/2023,2023,5,31,29.2,23.8,35,,,
01/06/2023,2023,6,1,26.8,20.5,33,24.9,,
02/06/2023,2023,6,2,27.5,23.3,32.6,0,,
03/06/2023,2023,6,3,26.8,22,31.6,11.9,,
04/06/2023,2023,6,4,26.9,23.6,33,0,,
05/06/2023,2023,6,5,28.3,24.5,33.5,,,
06/06/2023,2023,6,6,25.4,20.6,39.5,5.1,,
07/06/2023,2023,6,7,26.2,21.3,32,3,,
08/06/2023,2023,6,8,26.9,23.6,32.5,0,,
09/06/2023,2023,6,9,27.6,23.4,32.7,,,
10/06/2023,2023,6,10,25.6,,30.5,,,
11/06/2023,2023,6,11,25.1,22.5,32.9,,,
12/06/2023,2023,6,12,26.6,22.5,32.1,,,
13/06/2023,2023,6,13,28.2,22,35,,,
14/06/2023,2023,6,14,25.3,22.5,30.4,4.1,,
15/06/2023,2023,6,15,26.1,23.5,30,15,,
16/06/2023,2023,6,16,26.7,22.9,31.6,7.1,,
17/06/2023,2023,6,17,28.7,,35,0,,
18/06/2023,2023,6,18,28.6,24.6,34.7,,,
19/06/2023,2023,6,19,27.4,24.6,32.2,4.1,,
20/06/2023,2023,6,20,25.1,21.6,29.5,7.1,,
21/06/2023,2023,6,21,26.9,23.7,35.5,3,,
22/06/2023,2023,6,22,23.9,21,26.6,7.1,,
23/06/2023,2023,6,23,26.7,22.5,31.7,0,,
24/06/2023,2023,6,24,23.4,20.6,26.9,35.1,,
25/06/2023,2023,6,25,24.6,22.1,29.2,3,,
26/06/2023,2023,6,26,25.3,22.1,30.7,0.3,,
27/06/2023,2023,6,27,26.9,22.4,33.5,0,,
28/06/2023,2023,6,28,,,,,,
29/06/2023,2023,6,29,25.3,23,28.3,0,,
30/06/2023,2023,6,30,27.1,22.6,31.4,,,
01/07/2023,2023,7,1,25.2,20.2,31.4,17,,
02/07/2023,2023,7,2,,,,,,
03/07/2023,2023,7,3,26.7,20.9,30.6,5.1,,
04/07/2023,2023,7,4,23.3,,29.2,0,,
05/07/2023,2023,7,5,24.9,21.1,31.4,0.5,,
06/07/2023,2023,7,6,26.3,21.8,32.6,0,,
07/07/2023,2023,7,7,25.4,,36.5,,,
08/07/2023,2023,7,8,23.6,,27.2,,,
09/07/2023,2023,7,9,24.8,20.2,30.4,,,
10/07/2023,2023,7,10,25.5,22.2,31.1,,,
11/07/2023,2023,7,11,26.3,22.6,31.7,,,
12/07/2023,2023,7,12,,,,,,
13/07/2023,2023,7,13,26.1,23,30.3,0,,
14/07/2023,2023,7,14,26.1,22.9,32.1,,,
15/07/2023,2023,7,15,25.9,,30.9,,,
16/07/2023,2023,7,16,25.7,21.8,32,,,
17/07/2023,2023,7,17,26.6,21.6,30.9,6.1,,
18/07/2023,2023,7,18,27.2,23.9,32.1,0,,
19/07/2023,2023,7,19,24.2,20.3,30.4,37.1,,
20/07/2023,2023,7,20,26.4,23.2,31.7,0,,
21/07/2023,2023,7,21,26.6,23.4,31.9,,,
22/07/2023,2023,7,22,26.3,,31,,,
23/07/2023,2023,7,23,25.4,21.9,31,0.5,,
24/07/2023,2023,7,24,24.8,20.8,29,23.9,,
25/07/2023,2023,7,25,26.6,22.4,32.8,0,,
26/07/2023,2023,7,26,25.7,24.4,29.4,0,,
27/07/2023,2023,7,27,25.7,24,30.7,0,,
28/07/2023,2023,7,28,25.2,22.4,30.4,8.9,,
29/07/2023,2023,7,29,25.8,23.5,29.9,0,,
30/07/2023,2023,7,30,26.6,,33.1,0,,
31/07/2023,2023,7,31,25.8,22.2,29.4,58.9,,
01/08/2023,2023,8,1,24.2,22.5,28.6,0,,
02/08/2023,2023,8,2,24.1,21.9,28.5,2,,
03/08/2023,2023,8,3,25.6,22.9,30.3,0.5,,
04/08/2023,2023,8,4,25.7,23,29.7,0,,
05/08/2023,2023,8,5,25.2,23.4,28.6,0,,
06/08/2023,2023,8,6,24.9,23.5,29.5,0.3,,
07/08/2023,2023,8,7,24.4,22.6,27.7,8.9,,
08/08/2023,2023,8,8,23.4,22.4,28.3,39.1,,
09/08/2023,2023,8,9,24,,27.5,3,,
10/08/2023,2023,8,10,24.2,,28.3,23.9,,
11/08/2023,2023,8,11,24.9,23,27.8,0.5,,
12/08/2023,2023,8,12,25.1,22.9,29,0,,
13/08/2023,2023,8,13,23.3,,33,59.9,,
14/08/2023,2023,8,14,23.4,20.7,27.2,42.9,,
15/08/2023,2023,8,15,24,22.4,28.1,0.5,,
16/08/2023,2023,8,16,25.2,22,29.9,0,,
17/08/2023,2023,8,17,25.1,21.1,31,18,,
18/08/2023,2023,8,18,25.2,20.9,29.1,15,,
19/08/2023,2023,8,19,23.8,19.7,29.5,13,,
20/08/2023,2023,8,20,24.4,21.9,29.4,35.1,,
21/08/2023,2023,8,21,25.2,22.1,29.2,3,,
22/08/2023,2023,8,22,25.8,22.4,30.2,0,,
23/08/2023,2023,8,23,24.9,20.9,29.7,21.1,,
24/08/2023,2023,8,24,24.3,,28.4,8.9,,
25/08/2023,2023,8,25,,,,,,
26/08/2023,2023,8,26,25.3,23,29.1,0,,
27/08/2023,2023,8,27,24.7,23.1,27.7,,,
28/08/2023,2023,8,28,25.6,21.5,30.4,,,
29/08/2023,2023,8,29,27.1,22.6,32.3,0,,
30/08/2023,2023,8,30,,,,,,
31/08/2023,2023,8,31,24.3,19.5,29.3,,,
01/09/2023,2023,9,1,,,,,,
02/09/2023,2023,9,2,24.5,,27.7,,,
03/09/2023,2023,9,3,25.1,22.1,30.3,3,,
04/09/2023,2023,9,4,23.6,22.2,29.6,0.3,,
05/09/2023,2023,9,5,24.2,,28.7,0,,
06/09/2023,2023,9,6,25.3,21.4,31.4,,,
07/09/2023,2023,9,7,26.3,22.6,32.2,,,
08/09/2023,2023,9,8,24.3,20.1,30.5,50,,
09/09/2023,2023,9,9,23.7,20.7,28.3,15,,
10/09/2023,2023,9,10,25.3,21,29.1,0,,
11/09/2023,2023,9,11,27.8,23.2,33.6,,,
12/09/2023,2023,9,12,25,,28.5,,,
13/09/2023,2023,9,13,25.3,22.4,29.9,,,
14/09/2023,2023,9,14,26.7,23.4,30.8,,,
15/09/2023,2023,9,15,,,,,,
16/09/2023,2023,9,16,25.3,22,31,,,
17/09/2023,2023,9,17,24.9,22.1,29,,,
18/09/2023,2023,9,18,24.8,21.6,29.7,,,
19/09/2023,2023,9,19,,,,,,
20/09/2023,2023,9,20,26.9,22,32.5,,,
21/09/2023,2023,9,21,26.1,22.2,32.5,3,,
22/09/2023,2023,9,22,25.3,21,30.2,21.1,,
23/09/2023,2023,9,23,25.8,21.2,32.5,0,,
24/09/2023,2023,9,24,24.8,20,28.5,19.1,,
25/09/2023,2023,9,25,26,22,30.6,6.1,,
26/09/2023,2023,9,26,27.3,22.2,32.9,0,,
27/09/2023,2023,9,27,28,23,34,,,
28/09/2023,2023,9,28,26.2,21.5,31.4,0.8,,
29/09/2023,2023,9,29,25.8,22.7,31.5,0,,
30/09/2023,2023,9,30,25.7,22.7,32.2,30,,
01/10/2023,2023,10,1,25.5,22.8,32,7.1,,
02/10/2023,2023,10,2,25.9,23.6,30.2,0,,
03/10/2023,2023,10,3,26.4,22.6,30.8,0,,
04/10/2023,2023,10,4,26.8,22.7,31.7,0.5,,
05/10/2023,2023,10,5,,,,,,
06/10/2023,2023,10,6,25.9,22.5,32,9.9,,
07/10/2023,2023,10,7,25.3,23,30.5,9.9,,
08/10/2023,2023,10,8,25.7,22.9,29.7,13,,
09/10/2023,2023,10,9,24.9,22,31.6,3,,
10/10/2023,2023,10,10,26.3,22.6,31.9,11.9,,
11/10/2023,2023,10,11,,,,,,
12/10/2023,2023,10,12,25.7,21.2,32,0.5,,
13/10/2023,2023,10,13,26.9,21.9,32.5,0,,
14/10/2023,2023,10,14,27.3,23.6,33.3,,,
15/10/2023,2023,10,15,27.4,23.6,32.5,,,
16/10/2023,2023,10,16,27.3,22.2,32.9,,,
17/10/2023,2023,10,17,,,,,,
18/10/2023,2023,10,18,27.6,21.5,33.6,5.1,,
19/10/2023,2023,10,19,27.4,21.9,33.7,0,,
20/10/2023,2023,10,20,28.1,21.9,33.3,,,
21/10/2023,2023,10,21,27.2,22.4,34.1,,,
22/10/2023,2023,10,22,28.3,22.8,34.2,,,
23/10/2023,2023,10,23,27.1,22.5,31.5,,,
24/10/2023,2023,10,24,28.9,23.7,35.3,,,
25/10/2023,2023,10,25,28.5,23.4,35,,,
26/10/2023,2023,10,26,28.3,23.1,35.5,,,
27/10/2023,2023,10,27,28.1,23.5,34.1,,,
28/10/2023,2023,10,28,27.4,23,33.5,,,
29/10/2023,2023,10,29,,,,,,
30/10/2023,2023,10,30,29,24.8,34.4,,,
31/10/2023,2023,10,31,28.1,22.9,33.9,,,
01/11/2023,2023,11,1,28.1,22.5,35,,,
02/11/2023,2023,11,2,28.6,23.1,35.6,,,
03/11/2023,2023,11,3,28.3,23.1,35.4,,,
04/11/2023,2023,11,4,29.3,23,35,,,
05/11/2023,2023,11,5,28.4,23.4,34.9,,,
06/11/2023,2023,11,6,,,,,,
07/11/2023,2023,11,7,28.4,22.6,35.9,,,
08/11/2023,2023,11,8,28.8,22,35.5,,,
09/11/2023,2023,11,9,27.7,23.6,33.9,,,
10/11/2023,2023,11,10,29.7,23.2,36.1,,,
11/11/2023,2023,11,11,29.2,,35.2,,,
12/11/2023,2023,11,12,28.6,22.5,36,,,
13/11/2023,2023,11,13,29.1,22.5,36,,,
14/11/2023,2023,11,14,28.4,20,36.5,,,
15/11/2023,2023,11,15,28.1,22.5,34.6,,,
16/11/2023,2023,11,16,28.7,22.5,35,,,
17/11/2023,2023,11,17,29.7,23,36.5,,,
18/11/2023,2023,11,18,29.1,22.9,36,,,
19/11/2023,2023,11,19,28.7,21.6,35.5,,,
20/11/2023,2023,11,20,27.4,21,34.6,,,
21/11/2023,2023,11,21,27.7,19.7,35.3,,,
22/11/2023,2023,11,22,,,,,,
23/11/2023,2023,11,23,28.8,23,35.5,,,
24/11/2023,2023,11,24,28,23.5,33.9,,,
25/11/2023,2023,11,25,28.1,22.9,34.7,,,
26/11/2023,2023,11,26,25.1,21,31.6,2,,
27/11/2023,2023,11,27,27.8,22,35,3,,
28/11/2023,2023,11,28,,,,,,
29/11/2023,2023,11,29,28.1,23,35,,,
30/11/2023,2023,11,30,30.3,,35.7,,,
01/12/2023,2023,12,1,28.9,21.4,35.7,,,
02/12/2023,2023,12,2,28.6,21.5,35.6,,,
03/12/2023,2023,12,3,29.1,19.2,37,,,
04/12/2023,2023,12,4,27.6,19.8,35.2,,,
05/12/2023,2023,12,5,28.1,21.4,36.2,,,
06/12/2023,2023,12,6,28.2,21.5,35.2,,,
07/12/2023,2023,12,7,28.6,20.1,35.5,,,
08/12/2023,2023,12,8,28.2,20.6,35.5,,,
09/12/2023,2023,12,9,28.7,22.9,35.5,,,
10/12/2023,2023,12,10,28.1,19,35.5,,,
11/12/2023,2023,12,11,26,18.7,34.5,,,
12/12/2023,2023,12,12,25.3,19.5,32,,,
13/12/2023,2023,12,13,24.7,17.1,32.6,,,
14/12/2023,2023,12,14,25.7,19.8,33.5,,,
15/12/2023,2023,12,15,27.4,21,33.6,,,
16/12/2023,2023,12,16,27.8,21.5,34.5,,,
17/12/2023,2023,12,17,28.3,21.9,35,,,
18/12/2023,2023,12,18,28.3,19.9,36.3,,,
19/12/2023,2023,12,19,28.6,21.4,36,,,
20/12/2023,2023,12,20,,,,,,
21/12/2023,2023,12,21,,,,,,
22/12/2023,2023,12,22,28.5,19,36.4,,,
23/12/2023,2023,12,23,28.7,18.4,35.9,,,
24/12/2023,2023,12,24,28.1,20,35.9,,,
25/12/2023,2023,12,25,27,19.9,35.5,,,
26/12/2023,2023,12,26,26.7,19.4,34.6,,,
27/12/2023,2023,12,27,26.6,19.2,35.7,,,
28/12/2023,2023,12,28,27,19.7,35.7,,,
29/12/2023,2023,12,29,27.3,21,35.5,,,
30/12/2023,2023,12,30,27.8,21.2,36.1,,,
31/12/2023,2023,12,31,27.9,18.6,35.5,,,
01/01/2024,2024,1,1,29.1,22.5,35.9,,,
02/01/2024,2024,1,2,29.2,23,36,,,
03/01/2024,2024,1,3,28.9,20.5,36.4,,,
04/01/2024,2024,1,4,28.4,21.2,36,,,
05/01/2024,2024,1,5,28.6,20.6,36.4,,,
06/01/2024,2024,1,6,28.5,20.5,36,,,
07/01/2024,2024,1,7,28.9,22.4,37,,,
08/01/2024,2024,1,8,29.2,21,36.3,,,
09/01/2024,2024,1,9,28.6,22.1,36.5,,,
10/01/2024,2024,1,10,30.3,,37,,,
11/01/2024,2024,1,11,28.5,21,37,,,
12/01/2024,2024,1,12,28.4,20,35.5,,,
13/01/2024,2024,1,13,28.3,21.5,35.4,,,
14/01/2024,2024,1,14,28,22,35.2,,,
15/01/2024,2024,1,15,27.7,20.4,34.7,,,
16/01/2024,2024,1,16,27.2,19.9,35,,,
17/01/2024,2024,1,17,27.2,19.9,35.5,,,
18/01/2024,2024,1,18,27.5,18,36.3,,,
19/01/2024,2024,1,19,27.8,19.9,36.4,,,
20/01/2024,2024,1,20,28,18.7,36,,,
21/01/2024,2024,1,21,28.5,18.7,36.5,,,
22/01/2024,2024,1,22,29.4,21.1,37.5,,,
23/01/2024,2024,1,23,28.6,20.3,36.9,,,
24/01/2024,2024,1,24,28.4,21.6,35.4,,,
25/01/2024,2024,1,25,27.2,21,33.4,,,
26/01/2024,2024,1,26,26.1,18.7,33.4,,,
27/01/2024,2024,1,27,26.5,19.7,34,,,
28/01/2024,2024,1,28,26.1,19.6,33.5,,,
29/01/2024,2024,1,29,27.8,20.8,35.8,,,
30/01/2024,2024,1,30,29.1,23,37,,,
31/01/2024,2024,1,31,28.3,22.6,35.9,,,
01/02/2024,2024,2,1,28.6,21.8,35.7,,,
02/02/2024,2024,2,2,27.8,22,33,,,
03/02/2024,2024,2,3,27,20.5,34.8,,,
04/02/2024,2024,2,4,26.9,21,34.7,,,
05/02/2024,2024,2,5,26.9,20.9,33,,,
06/02/2024,2024,2,6,27.2,21.4,34,,,
07/02/2024,2024,2,7,28.1,21.5,35,,,
08/02/2024,2024,2,8,28.2,20.9,35.1,,,
09/02/2024,2024,2,9,29,22,37.5,,,
10/02/2024,2024,2,10,29.7,22,37.7,,,
11/02/2024,2024,2,11,30.9,21.7,39.5,,,
12/02/2024,2024,2,12,31.1,23.8,39.1,,,
13/02/2024,2024,2,13,31.7,23,39.9,,,
14/02/2024,2024,2,14,31.5,23.8,40.2,,,
15/02/2024,2024,2,15,30.7,22.8,38.4,,,
16/02/2024,2024,2,16,29.9,22.2,38.6,,,
17/02/2024,2024,2,17,29.3,22,37.5,,,
18/02/2024,2024,2,18,30.8,24.5,38,,,
19/02/2024,2024,2,19,32.1,26.1,39,,,
20/02/2024,2024,2,20,31.5,24.4,38.9,,,
21/02/2024,2024,2,21,31.5,24,38.3,,,
22/02/2024,2024,2,22,31.1,23.5,38.5,,,
23/02/2024,2024,2,23,30.4,24.7,36.2,,,
24/02/2024,2024,2,24,30.6,24.5,37.9,,,
25/02/2024,2024,2,25,30.8,25.4,38.5,,,
26/02/2024,2024,2,26,31.3,24.7,38.4,,,
27/02/2024,2024,2,27,32,25.5,39,,,
28/02/2024,2024,2,28,31.8,24.5,40.1,,,
29/02/2024,2024,2,29,31.9,25.1,40.2,,,
01/03/2024,2024,3,1,32.1,26.4,39,,,
02/03/2024,2024,3,2,32.3,25.5,39.5,,,
03/03/2024,2024,3,3,31,25.2,39,,,
04/03/2024,2024,3,4,32.1,22,39.5,,,
05/03/2024,2024,3,5,32.5,25,40,,,
06/03/2024,2024,3,6,32.2,25.2,39.4,,,
07/03/2024,2024,3,7,31.6,22.5,39.1,,,
08/03/2024,2024,3,8,32.3,25.4,40,,,
09/03/2024,2024,3,9,32.7,,38.4,,,
10/03/2024,2024,3,10,32.6,24.9,39.7,,,
11/03/2024,2024,3,11,33,25.6,40.5,,,
12/03/2024,2024,3,12,30.9,,38.4,,,
13/03/2024,2024,3,13,32.1,26,40,,,
14/03/2024,2024,3,14,30.1,,37.2,,,
15/03/2024,2024,3,15,30.8,22.2,39.2,2,,
16/03/2024,2024,3,16,33.2,26,41,0,,
17/03/2024,2024,3,17,31.3,24.5,38.9,,,
18/03/2024,2024,3,18,32.4,25.8,39.4,,,
19/03/2024,2024,3,19,32.6,26.3,39,,,
20/03/2024,2024,3,20,,,,,,
21/03/2024,2024,3,21,33.1,26.6,38.9,,,
22/03/2024,2024,3,22,,,,,,
23/03/2024,2024,3,23,,,,,,
24/03/2024,2024,3,24,,,,,,
25/03/2024,2024,3,25,,,,,,
26/03/2024,2024,3,26,,,,,,
27/03/2024,2024,3,27,,,,,,
28/03/2024,2024,3,28,,,,,,
29/03/2024,2024,3,29,,,,,,
30/03/2024,2024,3,30,,,,,,
31/03/2024,2024,3,31,,,,,,
01/04/2024,2024,4,1,,,,,,
02/04/2024,2024,4,2,,,,,,
03/04/2024,2024,4,3,,,,,,
04/04/2024,2024,4,4,,,,,,
05/04/2024,2024,4,5,,,,,,
06/04/2024,2024,4,6,,,,,,
07/04/2024,2024,4,7,,,,,,
08/04/2024,2024,4,8,,,,,,
09/04/2024,2024,4,9,,,,,,
10/04/2024,2024,4,10,,,,,,
11/04/2024,2024,4,11,,,,,,
12/04/2024,2024,4,12,,,,,,
13/04/2024,2024,4,13,,,,,,
14/04/2024,2024,4,14,,,,,,
15/04/2024,2024,4,15,,,,,,
16/04/2024,2024,4,16,,,,,,
17/04/2024,2024,4,17,,,,,,
18/04/2024,2024,4,18,,,,,,
19/04/2024,2024,4,19,,,,,,
20/04/2024,2024,4,20,,,,,,
21/04/2024,2024,4,21,,,,,,
22/04/2024,2024,4,22,,,,,,
23/04/2024,2024,4,23,,,,,,
24/04/2024,2024,4,24,,,,,,
25/04/2024,2024,4,25,,,,,,
26/04/2024,2024,4,26,,,,,,
27/04/2024,2024,4,27,,,,,,
28/04/2024,2024,4,28,,,,,,
29/04/2024,2024,4,29,,,,,,
30/04/2024,2024,4,30,,,,,,
01/05/2024,2024,5,1,,,,,,
02/05/2024,2024,5,2,,,,,,
03/05/2024,2024,5,3,,,,,,
04/05/2024,2024,5,4,,,,,,
05/05/2024,2024,5,5,,,,,,
06/05/2024,2024,5,6,,,,,,
07/05/2024,2024,5,7,,,,,,
08/05/2024,2024,5,8,,,,,,
09/05/2024,2024,5,9,,,,,,
10/05/2024,2024,5,10,,,,,,
11/05/2024,2024,5,11,,,,,,
12/05/2024,2024,5,12,27.7,23,32.8,7.1,,
13/05/2024,2024,5,13,27.4,22.9,34,0,,
14/05/2024,2024,5,14,,,,,,
15/05/2024,2024,5,15,29.2,24.1,35,,,
16/05/2024,2024,5,16,,,,,,
17/05/2024,2024,5,17,27.4,21.6,33,0.3,,
18/05/2024,2024,5,18,30.2,25,36.2,0,,
19/05/2024,2024,5,19,29.2,,33.4,,,
20/05/2024,2024,5,20,29.9,25.3,34.2,,,
21/05/2024,2024,5,21,30,24.5,36.5,,,
22/05/2024,2024,5,22,27.6,21.1,31.7,,,
23/05/2024,2024,5,23,28.6,22.5,35.8,,,
24/05/2024,2024,5,24,,,,,,
25/05/2024,2024,5,25,25.2,21,29,21.1,,
26/05/2024,2024,5,26,27.3,20.8,32.3,0,,
27/05/2024,2024,5,27,29.3,24,34.1,0,,
28/05/2024,2024,5,28,29.6,25.1,34.1,,,
29/05/2024,2024,5,29,29,25.6,33,,,
30/05/2024,2024,5,30,,,,,,
31/05/2024,2024,5,31,26.1,21.6,33.3,,,
01/06/2024,2024,6,1,28.4,23.6,33.4,,,
02/06/2024,2024,6,2,26,20.8,29.7,5.1,,
03/06/2024,2024,6,3,27.9,20.6,33.3,0.3,,
04/06/2024,2024,6,4,28.6,24.2,32.5,0,,
05/06/2024,2024,6,5,28.6,24.5,32.9,,,
06/06/2024,2024,6,6,28.7,24.6,34,,,
07/06/2024,2024,6,7,27.4,22,33.7,,,
08/06/2024,2024,6,8,24.7,,30,,,
09/06/2024,2024,6,9,27.6,21.6,34.1,,,
10/06/2024,2024,6,10,28.1,24.5,31.7,,,
11/06/2024,2024,6,11,26.8,,32.4,,,
12/06/2024,2024,6,12,26.8,20.9,32.6,,,
13/06/2024,2024,6,13,28.6,23.5,33.7,,,
14/06/2024,2024,6,14,25.6,,28.8,,,
15/06/2024,2024,6,15,,,,,,
16/06/2024,2024,6,16,,,,,,
17/06/2024,2024,6,17,26.9,23.1,32.8,,,
18/06/2024,2024,6,18,28.7,23.9,33.7,,,
19/06/2024,2024,6,19,27.2,20.5,32.3,19.1,,
20/06/2024,2024,6,20,26.3,24,30.9,0,,
21/06/2024,2024,6,21,26.4,22.5,30.1,4.1,,
22/06/2024,2024,6,22,27.6,22.9,33.3,0,,
23/06/2024,2024,6,23,28.2,23.6,33.3,,,
24/06/2024,2024,6,24,25,,32.3,30,,
25/06/2024,2024,6,25,24.6,20.8,30,,,
26/06/2024,2024,6,26,27.2,21.8,33.5,,,
27/06/2024,2024,6,27,24.8,,31.5,0.3,,
28/06/2024,2024,6,28,26.4,22,30.7,8.9,,
29/06/2024,2024,6,29,26.9,24,31.5,0,,
30/06/2024,2024,6,30,,,,,,
01/07/2024,2024,7,1,27.1,22.6,33,0,,
02/07/2024,2024,7,2,27.8,23.6,33.6,,,
03/07/2024,2024,7,3,24.3,22.5,28,9.9,,
04/07/2024,2024,7,4,25.8,21.7,30.8,10.9,,
05/07/2024,2024,7,5,27.2,23.5,32.2,0,,
06/07/2024,2024,7,6,25.7,21.9,28.3,36.1,,
07/07/2024,2024,7,7,26.1,22.9,29.8,5.1,,
08/07/2024,2024,7,8,24.1,,29,0,,
09/07/2024,2024,7,9,25.4,20.5,29.7,23.9,,
10/07/2024,2024,7,10,26.9,22.8,30.5,0,,
11/07/2024,2024,7,11,,,,,,
12/07/2024,2024,7,12,24.8,22.3,28.7,22.1,,
13/07/2024,2024,7,13,26.7,23.2,30.4,0,,
14/07/2024,2024,7,14,27.6,,30.6,,,
15/07/2024,2024,7,15,26.3,23.6,30.5,,,
16/07/2024,2024,7,16,25.5,23.7,29.6,0,,
17/07/2024,2024,7,17,26.1,22.5,32,16,,
18/07/2024,2024,7,18,25.4,22.1,29.4,4.1,,
19/07/2024,2024,7,19,25.3,23.1,29.9,0,,
20/07/2024,2024,7,20,25.1,23.5,29.2,0.3,,
21/07/2024,2024,7,21,23.8,21,26.2,119.1,,
22/07/2024,2024,7,22,24.6,22,28.3,8.9,,
23/07/2024,2024,7,23,25.3,22,30.5,1,,
24/07/2024,2024,7,24,24.5,21.9,26.7,55.1,,
25/07/2024,2024,7,25,25.2,,28.5,0,,
26/07/2024,2024,7,26,25.9,23,29.5,0,,
27/07/2024,2024,7,27,25.8,22.5,29.9,0.3,,
28/07/2024,2024,7,28,24.1,23,27,0,,
29/07/2024,2024,7,29,23.7,22.1,25.8,10.9,,
30/07/2024,2024,7,30,25.8,22.4,29.5,3,,
31/07/2024,2024,7,31,26.2,22.6,31,0,,
01/08/2024,2024,8,1,25.9,21.2,29.5,15,,
02/08/2024,2024,8,2,25.3,22.5,29.1,0,,
03/08/2024,2024,8,3,24.5,22,27.5,0,,
04/08/2024,2024,8,4,24.3,22,27.3,,,
05/08/2024,2024,8,5,25.2,21.2,29.5,,,
06/08/2024,2024,8,6,24.4,21.6,26.9,,,
07/08/2024,2024,8,7,24.6,21.4,27.5,,,
08/08/2024,2024,8,8,24.4,21.1,27.4,0,,
09/08/2024,2024,8,9,25.8,22,30,0,,
10/08/2024,2024,8,10,26.2,22.5,31.3,0,,
11/08/2024,2024,8,11,26.1,22,30.5,,,
12/08/2024,2024,8,12,,,,,,
13/08/2024,2024,8,13,25.5,22.6,30,,,
14/08/2024,2024,8,14,25.9,22.8,29.9,0,,
15/08/2024,2024,8,15,25.6,22.5,30.5,,,
16/08/2024,2024,8,16,25.6,23.1,28.8,,,
17/08/2024,2024,8,17,24.2,21.5,27,,,
18/08/2024,2024,8,18,26.4,21.7,31.6,0,,
19/08/2024,2024,8,19,25.4,,30.3,,,
20/08/2024,2024,8,20,23.6,,29.1,,,
21/08/2024,2024,8,21,,,,,,
22/08/2024,2024,8,22,26.4,23.6,32.3,,,
23/08/2024,2024,8,23,24.6,22,27.5,13,,
24/08/2024,2024,8,24,25.1,21.6,28.1,5.1,,
25/08/2024,2024,8,25,25.7,22.5,30.3,0,,
26/08/2024,2024,8,26,24.9,,28.1,2,,
27/08/2024,2024,8,27,24,21.7,26.7,2,,
28/08/2024,2024,8,28,25.2,22.5,28.5,0.5,,
29/08/2024,2024,8,29,,,,,,
30/08/2024,2024,8,30,23.2,22.5,24.1,4.1,,
31/08/2024,2024,8,31,23.7,21.2,27,148.1,,
01/09/2024,2024,9,1,24.6,21.5,28,0.5,,
02/09/2024,2024,9,2,25.2,21,30,0,,
03/09/2024,2024,9,3,25.8,21.1,31.5,,,
04/09/2024,2024,9,4,24.9,20.6,29.2,7.9,,
05/09/2024,2024,9,5,25.7,20.4,31.1,0,,
06/09/2024,2024,9,6,26.4,21.4,32.1,,,
07/09/2024,2024,9,7,23.2,21.9,26.1,23.9,,
08/09/2024,2024,9,8,24.6,21.5,28.2,26.9,,
09/09/2024,2024,9,9,26.6,21.3,32.7,0,,
10/09/2024,2024,9,10,25,,29.2,,,
11/09/2024,2024,9,11,23.8,20.7,27.8,,,
12/09/2024,2024,9,12,25.5,20.2,29.5,0,,
13/09/2024,2024,9,13,,,,,,
14/09/2024,2024,9,14,25.7,21.6,30,0,,
15/09/2024,2024,9,15,26.8,23.3,31,1,,
16/09/2024,2024,9,16,26.1,22.9,32.5,0,,
17/09/2024,2024,9,17,25.5,21.6,30.2,29,,
18/09/2024,2024,9,18,24.9,,28,0,,
19/09/2024,2024,9,19,25.5,21.5,30.6,3,,
20/09/2024,2024,9,20,25.2,22.6,30.2,0.3,,
21/09/2024,2024,9,21,26.5,22,31.5,0,,
22/09/2024,2024,9,22,24.6,21,28,34,,
23/09/2024,2024,9,23,25.3,22.6,29.2,23.1,,
24/09/2024,2024,9,24,26.1,22.4,30.5,2,,
25/09/2024,2024,9,25,25.7,22.5,30.5,0.3,,
26/09/2024,2024,9,26,26.1,22.2,30.5,7.9,,
27/09/2024,2024,9,27,25.6,20.7,30.6,10.9,,
28/09/2024,2024,9,28,25,20.6,28.6,35.1,,
29/09/2024,2024,9,29,26.4,23.1,29.8,0,,
30/09/2024,2024,9,30,26.6,23,31,,,
01/10/2024,2024,10,1,25.5,19.9,31,6.1,,
02/10/2024,2024,10,2,26.8,23,31.8,0,,
03/10/2024,2024,10,3,26.5,20.1,32.6,34,,
04/10/2024,2024,10,4,24.8,21.5,29.6,1,,
05/10/2024,2024,10,5,24.6,,30.6,15,,
06/10/2024,2024,10,6,25.2,21.2,29.6,14,,
07/10/2024,2024,10,7,25.4,20.9,31.2,34,,
08/10/2024,2024,10,8,26.2,21.5,32.2,30,,
09/10/2024,2024,10,9,25.6,,31.1,0,,
10/10/2024,2024,10,10,25.8,19.9,31.2,58.9,,
11/10/2024,2024,10,11,25.7,22,31.4,0,,
12/10/2024,2024,10,12,25.3,21.5,29.9,32,,
13/10/2024,2024,10,13,24.9,20.7,29.8,7.1,,
14/10/2024,2024,10,14,25.3,21.5,30.9,0,,
15/10/2024,2024,10,15,25.8,21,31.5,0.3,,
16/10/2024,2024,10,16,26.6,23,31.5,0,,
17/10/2024,2024,10,17,25,21.4,31.3,0.3,,
18/10/2024,2024,10,18,26,22.3,31,0,,
19/10/2024,2024,10,19,26.2,20.5,32.8,,,
20/10/2024,2024,10,20,26.6,22,31.3,,,
21/10/2024,2024,10,21,,,,,,
22/10/2024,2024,10,22,26.4,22.4,30.8,3,,
23/10/2024,2024,10,23,26.3,22.8,30.6,1,,
24/10/2024,2024,10,24,27.6,22,33.6,0,,
25/10/2024,2024,10,25,27.5,23.5,32.5,,,
26/10/2024,2024,10,26,26.5,21.5,33.1,,,
27/10/2024,2024,10,27,27.1,22.5,32,,,
28/10/2024,2024,10,28,27.7,22.4,32.5,,,
29/10/2024,2024,10,29,27.7,22.9,32.5,,,
30/10/2024,2024,10,30,27.4,22.8,33.3,,,
31/10/2024,2024,10,31,26.8,22.2,32.5,0,,
01/11/2024,2024,11,1,27.6,20.5,33.6,,,
02/11/2024,2024,11,2,27.2,18.8,33.3,,,
03/11/2024,2024,11,3,27.4,22.5,32.6,,,
04/11/2024,2024,11,4,,,,,,
05/11/2024,2024,11,5,27.7,22.5,33.2,,,
06/11/2024,2024,11,6,26.2,18.6,33.8,,,
07/11/2024,2024,11,7,,,,,,
08/11/2024,2024,11,8,28.5,22.1,34.5,,,
09/11/2024,2024,11,9,28.4,22.6,34.4,,,
10/11/2024,2024,11,10,27.8,20,33.2,,,
11/11/2024,2024,11,11,27.5,20.2,34.2,,,
12/11/2024,2024,11,12,28.4,23,34.7,,,
13/11/2024,2024,11,13,28.7,20.3,35.2,,,
14/11/2024,2024,11,14,29.7,22.1,36.4,,,
15/11/2024,2024,11,15,28.9,21.1,36,,,
16/11/2024,2024,11,16,27.7,19.4,34.6,,,
17/11/2024,2024,11,17,27.4,20.5,35.1,,,
18/11/2024,2024,11,18,,,,,,
19/11/2024,2024,11,19,,,,,,
20/11/2024,2024,11,20,,,,,,
21/11/2024,2024,11,21,,,,,,
22/11/2024,2024,11,22,27.7,20.6,35,,,
23/11/2024,2024,11,23,28.6,23,35.7,,,
24/11/2024,2024,11,24,28.3,21.2,35.2,,,
25/11/2024,2024,11,25,,,,,,
26/11/2024,2024,11,26,,,,,,
27/11/2024,2024,11,27,26.9,20.6,33.4,,,
28/11/2024,2024,11,28,26.4,20.2,33,,,
29/11/2024,2024,11,29,26.4,19.1,32.5,,,
30/11/2024,2024,11,30,26.7,20.5,33,,,
01/12/2024,2024,12,1,,,,,,
02/12/2024,2024,12,2,,,,,,
03/12/2024,2024,12,3,,,,,,
04/12/2024,2024,12,4,27.1,20,33.5,0,,
05/12/2024,2024,12,5,26.2,19,34.2,0,,
06/12/2024,2024,12,6,26.4,21.5,33.3,0,,
07/12/2024,2024,12,7,26.8,20.5,33.2,0,,
08/12/2024,2024,12,8,26.1,19.2,35.3,0,,
09/12/2024,2024,12,9,26.5,20.5,34.6,0,,
10/12/2024,2024,12,10,27.8,20,34.9,0,,
11/12/2024,2024,12,11,28.7,20.5,35.5,0,,
12/12/2024,2024,12,12,28.2,21.2,35.6,0,,
13/12/2024,2024,12,13,27.2,19.4,34.9,0,,
14/12/2024,2024,12,14,27.5,20.2,35.1,0,,
15/12/2024,2024,12,15,26.9,20,34.4,0,,
16/12/2024,2024,12,16,26.4,20,33.5,0,,
17/12/2024,2024,12,17,25.7,18.1,33.7,0,,
18/12/2024,2024,12,18,,,,,,
19/12/2024,2024,12,19,24.5,18,31,0,,
20/12/2024,2024,12,20,23.9,16.7,31.4,0,,
21/12/2024,2024,12,21,24.1,17.2,32.3,0,,
22/12/2024,2024,12,22,24,19.9,32,0,,
23/12/2024,2024,12,23,,,,,,
24/12/2024,2024,12,24,26.7,17.1,34.6,0,,
25/12/2024,2024,12,25,27.9,20.5,35.1,0,,
26/12/2024,2024,12,26,28.4,21.4,35.4,0,,
27/12/2024,2024,12,27,25.3,20,35.4,0,,
28/12/2024,2024,12,28,26.9,19.5,34.5,0,,
29/12/2024,2024,12,29,27.2,20.6,35.1,0,,
30/12/2024,2024,12,30,29.7,,35,,,
31/12/2024,2024,12,31,27.7,20.4,35.5,0,,
