Date,Year,Month,Day,Mean Temp (°C),Min Temp (°C),Max Temp (°C),Total Precip (mm),Spd of Max Gust (km/h)
01/01/2020,2020,1,1,27.5,25,31.5,0.5,33.3
01/02/2020,2020,1,2,27,23.9,30.1,0,25.9
01/03/2020,2020,1,3,25.8,25,27.8,4.1,25.9
01/04/2020,2020,1,4,25.5,24,29.2,6.1,29.6
01/05/2020,2020,1,5,24.7,22.9,27.7,39.1,24.1
01/06/2020,2020,1,6,26.7,23,31.5,113,33.3
01/07/2020,2020,1,7,27.5,24.3,30.5,4.1,22.2
01/08/2020,2020,1,8,26.8,25,29.5,0.5,22.2
01/09/2020,2020,1,9,26.3,23.8,29.6,0,29.6
01/10/2020,2020,1,10,25.8,23,29.2,0,29.6
01/11/2020,2020,1,11,25.9,21.6,29.7,0,27.8
01/12/2020,2020,1,12,27.8,24.9,30.4,1,31.5
13/01/2020,2020,1,13,27.2,23.6,30.3,8.9,31.5
14/01/2020,2020,1,14,28.2,25.9,31.5,0,33.3
15/01/2020,2020,1,15,27.8,26,30.6,0.5,35.2
16/01/2020,2020,1,16,27.2,25.6,30,0.2499999999999929,37
17/01/2020,2020,1,17,27.9,24.5,30.7,3,35.2
18/01/2020,2020,1,18,28.1,25.2,31.4,0,35.2
19/01/2020,2020,1,19,28.3,25.8,32.1,0,31.5
20/01/2020,2020,1,20,28.7,26,33,0,29.6
21/01/2020,2020,1,21,26.5,25.5,29,0,25.9
22/01/2020,2020,1,22,25.7,24.5,28,0,25.9
23/01/2020,2020,1,23,28.4,24.6,34,22.1,33.3
24/01/2020,2020,1,24,27,25,30,22.1,27.8
25/01/2020,2020,1,25,26.1,24.9,28.4,16,55.5
26/01/2020,2020,1,26,26,24.8,29,16,38.9
27/01/2020,2020,1,27,25.1,23.8,27,3,33.3
28/01/2020,2020,1,28,24.6,20.2,28.4,0,25.9
29/01/2020,2020,1,29,25.1,19.9,29,0.3,25.9
30/01/2020,2020,1,30,26.2,22,29.8,2,27.8
31/01/2020,2020,1,31,26.2,22.6,29.5,11.9,29.6
02/01/2020,2020,2,1,27.3,24,29.8,2,33.3
02/02/2020,2020,2,2,27.1,25,30.2,1,35.2
02/03/2020,2020,2,3,27.7,26,31,1.499999999999993,42.6
02/04/2020,2020,2,4,26.2,24.5,28.5,2,38.9
02/05/2020,2020,2,5,27.4,25.7,30,2,37
02/06/2020,2020,2,6,27.5,24.2,30.1,21.1,37
02/07/2020,2020,2,7,26.8,25,30,0,35.2
02/08/2020,2020,2,8,26.9,24,29.7,3,33.3
02/09/2020,2020,2,9,26.6,23.9,29.5,0.5,37
02/10/2020,2020,2,10,26.1,23.4,29.1,0.5,40.8
02/11/2020,2020,2,11,27.1,23.7,29.6,14,40.8
02/12/2020,2020,2,12,27.6,24.8,30.7,20.1,44.5
13/02/2020,2020,2,13,27.7,25.8,31,0.5,37
14/02/2020,2020,2,14,27.1,23.3,30.7,0,31.5
15/02/2020,2020,2,15,27.4,24.8,30.7,0.2499999999999929,37
16/02/2020,2020,2,16,27.1,26,30,0,33.3
17/02/2020,2020,2,17,26.3,23.9,29.7,0.3,31.5
18/02/2020,2020,2,18,27,23.5,29.8,13,29.6
19/02/2020,2020,2,19,26.9,25,29.9,0,29.6
20/02/2020,2020,2,20,26.9,24.1,29.8,0,31.5
21/02/2020,2020,2,21,27,25,30,0,31.5
22/02/2020,2020,2,22,26.7,23.5,30,0,27.8
23/02/2020,2020,2,23,26.3,24,30.1,3,25.9
24/02/2020,2020,2,24,26.1,21.7,30.1,7.1,24.1
25/02/2020,2020,2,25,27.6,22.9,31.9,0,25.9
26/02/2020,2020,2,26,26.4,23.5,29.2,38.1,31.5
27/02/2020,2020,2,27,25.8,23.8,27.4,54.1,31.5
28/02/2020,2020,2,28,25.9,23.7,30,24.9,33.3
29/02/2020,2020,2,29,26.6,24,30.2,7.1,31.5
03/01/2020,2020,3,1,27.2,24.2,30.6,8.9,29.6
03/02/2020,2020,3,2,26.8,25.5,29,7.999999999999993,27.8
03/03/2020,2020,3,3,27.1,25,30,9.9,29.6
03/04/2020,2020,3,4,27.3,24.3,31.3,3,25.9
03/05/2020,2020,3,5,27.4,25,30.4,6.449999999999993,31.5
03/06/2020,2020,3,6,27.7,26.9,31.1,0.5,35.2
03/07/2020,2020,3,7,26.4,24,29.7,6.1,31.5
03/08/2020,2020,3,8,25.8,23.7,29.6,37.1,31.5
03/09/2020,2020,3,9,25.8,23.4,28.4,26.9,42.6
03/10/2020,2020,3,10,26.9,25,30,32,42.6
03/11/2020,2020,3,11,27.3,25.5,30.4,1,35.2
03/12/2020,2020,3,12,26.2,24.5,29,1,27.8
13/03/2020,2020,3,13,23.9,23,26.7,117.1,29.6
14/03/2020,2020,3,14,25.5,22,28.5,25.9,27.8
15/03/2020,2020,3,15,26.5,24,29.1,71.49999999999999,25.9
16/03/2020,2020,3,16,25.2,22,27.2,25.9,24.1
17/03/2020,2020,3,17,25.9,23,29,1,44.5
18/03/2020,2020,3,18,26.6,23,30.4,0,31.5
19/03/2020,2020,3,19,26.2,23,29.1,0,29.6
20/03/2020,2020,3,20,25.9,22,29,0,25.9
21/03/2020,2020,3,21,25.8,19.8,29.6,0,24.1
22/03/2020,2020,3,22,26.1,21.7,28.5,0,33.3
23/03/2020,2020,3,23,26.7,24.2,29.1,3,35.2
24/03/2020,2020,3,24,26.7,24.7,28.1,23.1,33.3
25/03/2020,2020,3,25,27,25.8,29.4,1,31.5
26/03/2020,2020,3,26,27,25,29.3,12.049999999999994,37
27/03/2020,2020,3,27,26.5,23,29,1,33.3
28/03/2020,2020,3,28,25.9,21,30,1,25.9
29/03/2020,2020,3,29,27.6,26,30,1,31.5
30/03/2020,2020,3,30,28,26,30,1,35.2
31/03/2020,2020,3,31,27.2,25,30,1,29.6
04/01/2020,2020,4,1,27.1,25,29.4,1,25.9
04/02/2020,2020,4,2,26.5,24.6,29,1,25.9
04/03/2020,2020,4,3,25.6,23,29,1,24.1
04/04/2020,2020,4,4,25.5,23,28.1,1,29.6
04/05/2020,2020,4,5,26.9,25,29,1,29.6
04/06/2020,2020,4,6,26.4,25,28.3,1,35.2
04/07/2020,2020,4,7,26.8,25,29,1,38.9
04/08/2020,2020,4,8,27,24,29.1,1,38.9
04/09/2020,2020,4,9,27.1,25,30,1,40.8
04/10/2020,2020,4,10,26.4,24,29,1,35.2
04/11/2020,2020,4,11,26.3,24,28.7,1,40.8
04/12/2020,2020,4,12,26.5,23,29,1,42.6
13/04/2020,2020,4,13,25.6,23,28.4,1,40.8
14/04/2020,2020,4,14,26.2,24,28.6,1,40.8
15/04/2020,2020,4,15,26.2,24,28,1,44.5
16/04/2020,2020,4,16,25.8,24,28.2,1,40.8
17/04/2020,2020,4,17,25.3,24,27.6,1,40.8
18/04/2020,2020,4,18,26,24,28,1,40.8
19/04/2020,2020,4,19,26.2,24.9,28.1,1,37
20/04/2020,2020,4,20,24.7,23,27.1,1,38.9
21/04/2020,2020,4,21,25.4,24,27.7,1,42.6
22/04/2020,2020,4,22,25.3,23,27.8,1,37
23/04/2020,2020,4,23,25.7,23.8,28.9,1,33.3
24/04/2020,2020,4,24,24.7,23.1,26.6,0.8,37
25/04/2020,2020,4,25,25,22.9,28.4,39.1,29.6
26/04/2020,2020,4,26,25.6,22,30,19.949999999999992,20.4
27/04/2020,2020,4,27,25.6,23,29,39.1,37
28/04/2020,2020,4,28,24.4,22,26,1,37
29/04/2020,2020,4,29,23.6,21,26.4,1,38.9
30/04/2020,2020,4,30,24.3,21,27,1,40.8
05/01/2020,2020,5,1,25.1,24,27,1,42.6
05/02/2020,2020,5,2,24.5,23,27,1,37
05/03/2020,2020,5,3,23.6,22,25.7,1,35.2
05/04/2020,2020,5,4,25.7,24,28,1,37
05/05/2020,2020,5,5,25.1,22,28,1,33.3
05/06/2020,2020,5,6,25.1,22.7,28.2,1,35.2
05/07/2020,2020,5,7,24.7,22,28,1,31.5
05/08/2020,2020,5,8,24.5,22.4,27,1,22.2
05/09/2020,2020,5,9,24.4,22,27.2,1,29.6
05/10/2020,2020,5,10,24.3,23,26.5,1,35.2
05/11/2020,2020,5,11,23.3,22,25.2,1,35.2
05/12/2020,2020,5,12,23.6,21,26,1,29.6
13/05/2020,2020,5,13,23.9,22,26.6,1,31.5
14/05/2020,2020,5,14,24,21,27,1,33.3
15/05/2020,2020,5,15,23.4,19,27.4,1,31.5
16/05/2020,2020,5,16,23.4,19,28.2,1,22.2
17/05/2020,2020,5,17,23.8,21,27,1,25.9
18/05/2020,2020,5,18,23.4,21,26,1,33.3
19/05/2020,2020,5,19,23,19,26,1,33.3
20/05/2020,2020,5,20,23.1,21,25.4,1,42.6
21/05/2020,2020,5,21,23.7,20.6,26,1,51.8
22/05/2020,2020,5,22,24.3,23,26,1,48.2
23/05/2020,2020,5,23,24,22,26,1,42.6
24/05/2020,2020,5,24,22.2,19.4,25,1,29.6
25/05/2020,2020,5,25,22.7,19,26,7.9,33.3
26/05/2020,2020,5,26,24.2,22,26.2,7.9,35.2
27/05/2020,2020,5,27,24.6,23,27,7.9,35.2
28/05/2020,2020,5,28,25,23.5,27.1,1,38.9
29/05/2020,2020,5,29,24.7,22,27.3,1,38.9
30/05/2020,2020,5,30,23.1,19,27,1,33.3
31/05/2020,2020,5,31,23,19.7,26.2,1,25.9
06/01/2020,2020,6,1,24.1,22.9,26.5,1,33.3
06/02/2020,2020,6,2,22.9,21,24,1,37
06/03/2020,2020,6,3,23.2,21.9,25,1,40.8
06/04/2020,2020,6,4,23.2,22,25,1,38.9
06/05/2020,2020,6,5,23.4,21.9,26,1,33.3
06/06/2020,2020,6,6,21.4,18.5,25,1,31.5
06/07/2020,2020,6,7,21.5,20,23,1,50
06/08/2020,2020,6,8,21.6,19,23.2,1,46.3
06/09/2020,2020,6,9,22,20,24,1,40.8
06/10/2020,2020,6,10,22.3,21,24,1,48.2
06/11/2020,2020,6,11,22.4,21,24,1,48.2
06/12/2020,2020,6,12,23.2,21,25,1,42.6
13/06/2020,2020,6,13,23.1,21,25.2,1,35.2
14/06/2020,2020,6,14,23.4,21.7,26,1,29.6
15/06/2020,2020,6,15,23,22,25.3,1,37
16/06/2020,2020,6,16,22.5,21,24.4,1,38.9
17/06/2020,2020,6,17,21.2,20,23,1,46.3
18/06/2020,2020,6,18,22,20,23.4,1,51.8
19/06/2020,2020,6,19,22.3,21,23.4,1,44.5
20/06/2020,2020,6,20,22.2,21,23,1,44.5
21/06/2020,2020,6,21,22.2,20,25,1,44.5
22/06/2020,2020,6,22,22.6,20.6,26,1,38.9
23/06/2020,2020,6,23,23,21,25,1,29.6
24/06/2020,2020,6,24,23.3,21.6,25.2,1,35.2
25/06/2020,2020,6,25,22.7,21,25,1,42.6
26/06/2020,2020,6,26,22.8,22,24.1,1,46.3
27/06/2020,2020,6,27,22.2,21.6,23.1,1,42.6
28/06/2020,2020,6,28,22.5,20.9,25,1,35.2
29/06/2020,2020,6,29,22.2,20,25.2,1,31.5
30/06/2020,2020,6,30,21.7,18,25,1,25.9
07/01/2020,2020,7,1,20.9,16.9,25,1,29.6
07/02/2020,2020,7,2,22.4,21,24,1,40.8
07/03/2020,2020,7,3,22.4,20,24.4,1,40.8
07/04/2020,2020,7,4,21.4,19,24.1,1,33.3
07/05/2020,2020,7,5,22.3,21,24,1,38.9
07/06/2020,2020,7,6,23,22,24.1,1,37
07/07/2020,2020,7,7,23.5,22,26.4,1,33.3
07/08/2020,2020,7,8,22.8,21.8,25,1,35.2
07/09/2020,2020,7,9,22,20,24,1,42.6
07/10/2020,2020,7,10,21.9,19.7,23.4,1,50
07/11/2020,2020,7,11,21.4,18.8,24.5,1,48.2
07/12/2020,2020,7,12,22.4,21,25,1,46.3
13/07/2020,2020,7,13,22.7,21,25,1,44.5
14/07/2020,2020,7,14,22.5,20,25,1,33.3
15/07/2020,2020,7,15,23.1,21.4,26,1,38.9
16/07/2020,2020,7,16,21.7,19,24.1,1,33.3
17/07/2020,2020,7,17,22.2,19.9,25,1,33.3
18/07/2020,2020,7,18,21.9,20.9,24,1,40.8
19/07/2020,2020,7,19,20.7,19,23,1,42.6
20/07/2020,2020,7,20,21.3,19,23.2,1,42.6
21/07/2020,2020,7,21,21.4,19,23.4,1,40.8
22/07/2020,2020,7,22,20.4,18,22.2,1,38.9
23/07/2020,2020,7,23,21.2,19,23.4,1,46.3
24/07/2020,2020,7,24,20.6,18,22,1,51.8
25/07/2020,2020,7,25,20.5,18.8,22.2,1,48.2
26/07/2020,2020,7,26,21.1,20,22.9,1,48.2
27/07/2020,2020,7,27,22.1,21,24.2,1,40.8
28/07/2020,2020,7,28,21.4,17.8,25,1,27.8
29/07/2020,2020,7,29,22.5,20,25,1,35.2
30/07/2020,2020,7,30,22.6,21,25,1,31.5
31/07/2020,2020,7,31,22.5,20.2,25,1,24.1
08/01/2020,2020,8,1,22.6,19.5,25,1,33.3
08/02/2020,2020,8,2,22.2,20,24,1,38.9
08/03/2020,2020,8,3,21.6,21,23,1,44.5
08/04/2020,2020,8,4,20.5,18.5,22,1,46.3
08/05/2020,2020,8,5,20.4,18,22.2,1,38.9
08/06/2020,2020,8,6,21,19,23,1,35.2
08/07/2020,2020,8,7,20.7,17.7,24,1,35.2
08/08/2020,2020,8,8,20.5,17,25,1,22.2
08/09/2020,2020,8,9,21.1,20,23.5,1,44.5
08/10/2020,2020,8,10,20.9,19,23,1,35.2
08/11/2020,2020,8,11,19.8,14,24,1,24.1
08/12/2020,2020,8,12,21.7,20,24,1,31.5
13/08/2020,2020,8,13,21.9,19.5,25,1,35.2
14/08/2020,2020,8,14,21.9,19,25.6,1,25.9
15/08/2020,2020,8,15,22.5,20,25,1,35.2
16/08/2020,2020,8,16,23,21,25.2,1,44.5
17/08/2020,2020,8,17,22.8,19,25.2,1,38.9
18/08/2020,2020,8,18,22.8,20,25.4,1,42.6
19/08/2020,2020,8,19,22.9,21.7,26,1,44.5
20/08/2020,2020,8,20,22.5,20,25.5,1,35.2
21/08/2020,2020,8,21,21.8,16.7,25,1,29.6
22/08/2020,2020,8,22,22.4,20,25,1,31.5
23/08/2020,2020,8,23,22.5,21,25,1,35.2
24/08/2020,2020,8,24,22.6,21,24.4,1,38.9
25/08/2020,2020,8,25,22.6,21,25.6,1,35.2
26/08/2020,2020,8,26,22.2,20,25,1,35.2
27/08/2020,2020,8,27,22.3,18.6,25,1,35.2
28/08/2020,2020,8,28,22.3,19.4,25.4,1,31.5
29/08/2020,2020,8,29,22.1,21,24,1,38.9
30/08/2020,2020,8,30,22.4,21,25,1,42.6
31/08/2020,2020,8,31,22.2,20,24.6,1,44.5
09/01/2020,2020,9,1,22.4,19,25,1,40.8
09/02/2020,2020,9,2,22.4,20,25,1,31.5
09/03/2020,2020,9,3,22.1,20,25.4,1,33.3
09/04/2020,2020,9,4,20.5,18,24,1,46.3
09/05/2020,2020,9,5,21.2,19,24,1,40.8
09/06/2020,2020,9,6,22.1,17.7,26,1,31.5
09/07/2020,2020,9,7,22,19,25.6,1,33.3
09/08/2020,2020,9,8,23.1,21,26,1,38.9
09/09/2020,2020,9,9,22.6,21,25,1,44.5
09/10/2020,2020,9,10,22.2,21,25,1,44.5
09/11/2020,2020,9,11,22.9,21,25.5,1,42.6
09/12/2020,2020,9,12,22.6,21,25,1,33.3
13/09/2020,2020,9,13,22.2,20,25,1,31.5
14/09/2020,2020,9,14,21.6,20,23.4,1,46.3
15/09/2020,2020,9,15,20.2,18,23,1,42.6
16/09/2020,2020,9,16,21.4,18,24,1,37
17/09/2020,2020,9,17,21.7,18,25,1,38.9
18/09/2020,2020,9,18,23.1,19,26,1,37
19/09/2020,2020,9,19,22.2,19,24.5,1,38.9
20/09/2020,2020,9,20,23,21.8,25,1,38.9
21/09/2020,2020,9,21,23.2,21,26,1,42.6
22/09/2020,2020,9,22,22.6,21,25.4,1,38.9
23/09/2020,2020,9,23,22.1,17,25,1,33.3
24/09/2020,2020,9,24,21.5,17,25,1,31.5
25/09/2020,2020,9,25,22,17,26,1,31.5
26/09/2020,2020,9,26,22.5,20,26.1,1,37
27/09/2020,2020,9,27,22.2,20,25,1,37
28/09/2020,2020,9,28,23.6,21,26.4,1,35.2
29/09/2020,2020,9,29,23.6,22,26,1,35.2
30/09/2020,2020,9,30,22.9,20,26,1,37
10/01/2020,2020,10,1,22.4,18,27,1,27.8
10/02/2020,2020,10,2,22.3,18,26.4,1,25.9
10/03/2020,2020,10,3,22.5,17,27.5,1,29.6
10/04/2020,2020,10,4,23.9,21,28.5,0,29.6
10/05/2020,2020,10,5,22.3,21,23.9,0,33.3
10/06/2020,2020,10,6,23.3,21,26,0,33.3
10/07/2020,2020,10,7,23.8,20,27.9,1,33.3
10/08/2020,2020,10,8,25,23,28.3,1,44.5
10/09/2020,2020,10,9,24.8,23,28,1,38.9
10/10/2020,2020,10,10,24.4,22,27.5,1,33.3
10/11/2020,2020,10,11,24.3,21.8,27.1,1,31.5
10/12/2020,2020,10,12,23.7,22,26.5,1,35.2
13/10/2020,2020,10,13,24,21,27,1,37
14/10/2020,2020,10,14,24.9,23,27.4,1,35.2
15/10/2020,2020,10,15,24,21,27,1,29.6
16/10/2020,2020,10,16,24,21,28,1,31.5
17/10/2020,2020,10,17,23.7,20,27,1,29.6
18/10/2020,2020,10,18,24.1,19,27.2,1,31.5
19/10/2020,2020,10,19,24.8,23,27.1,1,38.9
20/10/2020,2020,10,20,24.9,23,27.1,1,38.9
21/10/2020,2020,10,21,24.8,23,27.5,1,38.9
22/10/2020,2020,10,22,24.9,22,27.4,1,37
23/10/2020,2020,10,23,24.4,22,27,1,35.2
24/10/2020,2020,10,24,24.2,23,27,1,37
25/10/2020,2020,10,25,23.6,21,26,1,38.9
26/10/2020,2020,10,26,24.4,22,27,1,40.8
27/10/2020,2020,10,27,24.3,21,27.4,1,33.3
28/10/2020,2020,10,28,23.9,20,28,1,27.8
29/10/2020,2020,10,29,23.3,21,26.6,1,44.5
30/10/2020,2020,10,30,22.5,20.6,25.5,1,50
31/10/2020,2020,10,31,21.7,20,25,1,44.5
11/01/2020,2020,11,1,22.3,19,26,1,40.8
11/02/2020,2020,11,2,22.5,18,25.2,1,33.3
11/03/2020,2020,11,3,22.9,21,25.2,1,33.3
11/04/2020,2020,11,4,23.3,20,26.4,1,35.2
11/05/2020,2020,11,5,23.9,21,27,1,33.3
11/06/2020,2020,11,6,24.1,22,27,1,37
11/07/2020,2020,11,7,23.6,19,27.1,1,35.2
11/08/2020,2020,11,8,24.5,22,27.5,1,37
11/09/2020,2020,11,9,24,22,27,1,38.9
11/10/2020,2020,11,10,24.2,22,27,1,35.2
11/11/2020,2020,11,11,24.7,22,27.2,1,37
11/12/2020,2020,11,12,24.9,21,29,1,38.9
13/11/2020,2020,11,13,25.1,21,29,1,38.9
14/11/2020,2020,11,14,23.9,22,27,1,27.8
15/11/2020,2020,11,15,23.3,22,24.7,1,35.2
16/11/2020,2020,11,16,23.4,22,26.6,1,35.2
17/11/2020,2020,11,17,23.4,22,25.2,1,33.3
18/11/2020,2020,11,18,23.3,21,26.8,0.3,33.3
19/11/2020,2020,11,19,24,22,26,0.3,33.3
20/11/2020,2020,11,20,22.5,21,24,0.3,29.6
21/11/2020,2020,11,21,23.4,19,28,1,27.8
22/11/2020,2020,11,22,24.2,20,28,1,29.6
23/11/2020,2020,11,23,24.6,23,27,1,33.3
24/11/2020,2020,11,24,24.9,23,27,1,35.2
25/11/2020,2020,11,25,25.7,24,28,1,37
26/11/2020,2020,11,26,25.4,24,28,1,38.9
27/11/2020,2020,11,27,25,23,27.4,1,37
28/11/2020,2020,11,28,24.7,23,27.4,1,37
29/11/2020,2020,11,29,25.3,23,28.4,1,35.2
30/11/2020,2020,11,30,25.7,24,28,1,40.8
12/01/2020,2020,12,1,26.2,24,28.4,1,35.2
12/02/2020,2020,12,2,26.7,24,30,1,37
12/03/2020,2020,12,3,26.8,25,30,0,37
12/04/2020,2020,12,4,26.4,23.6,29.6,0,35.2
12/05/2020,2020,12,5,26.4,22.4,30.1,0,33.3
12/06/2020,2020,12,6,26.2,23,29,0,33.3
12/07/2020,2020,12,7,27.1,24,30,0,33.3
12/08/2020,2020,12,8,26.6,23,30,1,29.6
12/09/2020,2020,12,9,24.8,23,27,1,38.9
12/10/2020,2020,12,10,24.6,23.7,26.5,1,38.9
12/11/2020,2020,12,11,25.8,24,29,1,35.2
12/12/2020,2020,12,12,25.3,23,28,1,35.2
13/12/2020,2020,12,13,25.3,23.9,28.1,1,38.9
14/12/2020,2020,12,14,25.4,24,28,1,35.2
15/12/2020,2020,12,15,25.8,24,28.5,1,38.9
16/12/2020,2020,12,16,26.6,25,29.2,1,38.9
17/12/2020,2020,12,17,25.7,23,28,1,37
18/12/2020,2020,12,18,26.1,23,29,1,37
19/12/2020,2020,12,19,26.4,24,29,1,35.2
20/12/2020,2020,12,20,26.6,23.9,29.1,1,33.3
21/12/2020,2020,12,21,26.7,25,29,1,33.3
22/12/2020,2020,12,22,26.5,24,29,1,40.8
23/12/2020,2020,12,23,25.9,25,29,1,42.6
24/12/2020,2020,12,24,26.6,25,28.7,1,44.5
25/12/2020,2020,12,25,26.8,25,29.6,1,44.5
26/12/2020,2020,12,26,26.6,25,30,1,42.6
27/12/2020,2020,12,27,26.3,24.4,28.6,1,40.8
28/12/2020,2020,12,28,26.3,23,29,1,38.9
29/12/2020,2020,12,29,25.9,23,28.4,1,37
30/12/2020,2020,12,30,26.4,24.7,29,1,38.9
31/12/2020,2020,12,31,26.7,24,29,1,40.8
01/01/2021,2021,1,1,25.9,24.9,28.1,1,40.8
01/02/2021,2021,1,2,26.5,25,28.7,1,37
01/03/2021,2021,1,3,26.1,24,28.2,1,35.2
01/04/2021,2021,1,4,25.1,23,28,1,31.5
01/05/2021,2021,1,5,26.2,24,29,1,35.2
01/06/2021,2021,1,6,26.5,23,30,1,33.3
01/07/2021,2021,1,7,25.8,22,28.6,1,33.3
01/08/2021,2021,1,8,26.4,23.4,29,0,33.3
01/09/2021,2021,1,9,26.9,24.7,29.6,0,35.2
01/10/2021,2021,1,10,26.8,25,29.6,3,35.2
01/11/2021,2021,1,11,27.3,24.7,30.3,6.1,31.5
01/12/2021,2021,1,12,26.7,24.5,29.9,20.1,42.6
13/01/2021,2021,1,13,26.4,24.3,29.8,3,38.9
14/01/2021,2021,1,14,26.7,24,29.5,1,33.3
15/01/2021,2021,1,15,27.4,24.5,30.5,2,29.6
16/01/2021,2021,1,16,27.6,25.5,30.2,0,35.2
17/01/2021,2021,1,17,27.7,25.5,30.2,0.5,35.2
18/01/2021,2021,1,18,27.3,25,31.1,0,44.5
19/01/2021,2021,1,19,27.6,24.5,32.1,4.1,38.9
20/01/2021,2021,1,20,27.8,24.4,31.5,0,35.2
21/01/2021,2021,1,21,27.4,24.6,30.3,7.1,37
22/01/2021,2021,1,22,27.6,24.7,30.1,0,31.5
23/01/2021,2021,1,23,27.4,24.5,31.1,0,31.5
24/01/2021,2021,1,24,27.2,24,31,0,27.8
25/01/2021,2021,1,25,26.3,23,30.7,0.3,27.8
26/01/2021,2021,1,26,26.4,21,30.5,0.3,25.9
27/01/2021,2021,1,27,26.5,22,31,0.3,29.6
28/01/2021,2021,1,28,26.2,23,31,1,33.3
29/01/2021,2021,1,29,27.7,24,32,1,37
30/01/2021,2021,1,30,28.1,26,31,1,31.5
31/01/2021,2021,1,31,28.1,26,31,1,33.3
02/01/2021,2021,2,1,27.9,26,30.4,1,35.2
02/02/2021,2021,2,2,28.5,27,31,1,35.2
02/03/2021,2021,2,3,28,26,31,1,37
02/04/2021,2021,2,4,27.4,24,30,1,35.2
02/05/2021,2021,2,5,27.6,24,30.2,1,33.3
02/06/2021,2021,2,6,26.7,23.7,30,1,35.2
02/07/2021,2021,2,7,27.8,24,31,1,40.8
02/08/2021,2021,2,8,28.3,26,31,1,33.3
02/09/2021,2021,2,9,26.9,24,29.7,1,33.3
02/10/2021,2021,2,10,27.2,25,30.1,1,33.3
02/11/2021,2021,2,11,27.8,26,30,1,33.3
02/12/2021,2021,2,12,27.3,25,30,1,33.3
13/02/2021,2021,2,13,27.6,25,31,1,35.2
14/02/2021,2021,2,14,27,24,30,1,31.5
15/02/2021,2021,2,15,27,23,31,1,33.3
16/02/2021,2021,2,16,26.5,25,28.7,1,35.2
17/02/2021,2021,2,17,27.1,24,30,1,24.1
18/02/2021,2021,2,18,27.7,24,31.6,1,24.1
19/02/2021,2021,2,19,26.4,25,29,1,29.6
20/02/2021,2021,2,20,27.6,25,31,1,37
21/02/2021,2021,2,21,27.1,25,30,1,38.9
22/02/2021,2021,2,22,26.7,24,30,1,35.2
23/02/2021,2021,2,23,27.7,25,30.4,1,33.3
24/02/2021,2021,2,24,27.4,25,30,1,31.5
25/02/2021,2021,2,25,26,22,29,1,31.5
26/02/2021,2021,2,26,27.1,23.5,30,1,38.9
27/02/2021,2021,2,27,27.4,25,30,1,37
28/02/2021,2021,2,28,26.3,24.3,29.4,1,33.3
03/01/2021,2021,3,1,26.7,23,30,1,29.6
03/02/2021,2021,3,2,27.2,25.9,30,1,31.5
03/03/2021,2021,3,3,27.1,25,30.3,1,29.6
03/04/2021,2021,3,4,26.9,24,30,1,27.8
03/05/2021,2021,3,5,26.3,23,31,1,25.9
03/06/2021,2021,3,6,27.5,23,32.4,1,33.3
03/07/2021,2021,3,7,27.1,26,29.5,1,46.3
03/08/2021,2021,3,8,27.2,24.6,30.3,1,29.6
03/09/2021,2021,3,9,27.3,24.6,30,1,24.1
03/10/2021,2021,3,10,27.6,24,30.8,0,29.6
03/11/2021,2021,3,11,27.7,26,30,0,31.5
03/12/2021,2021,3,12,27.2,24,30,0,29.6
13/03/2021,2021,3,13,27.8,26,30.6,1,31.5
14/03/2021,2021,3,14,26.4,24,29.1,1,27.8
15/03/2021,2021,3,15,25.8,24.5,29,1,29.6
16/03/2021,2021,3,16,27.4,25,30,1,29.6
17/03/2021,2021,3,17,26.9,23.7,30,1,22.2
18/03/2021,2021,3,18,26.5,23,29.2,1,31.5
19/03/2021,2021,3,19,26,22,30,1,29.6
20/03/2021,2021,3,20,26.8,24,29.6,1,29.6
21/03/2021,2021,3,21,27.4,26,30,1,29.6
22/03/2021,2021,3,22,27.6,26,30.2,1,31.5
23/03/2021,2021,3,23,27.4,23.7,30.8,1,27.8
24/03/2021,2021,3,24,26.7,24.5,30,1,29.6
25/03/2021,2021,3,25,26,23,31,1,29.6
26/03/2021,2021,3,26,26.4,23,30,1,29.6
27/03/2021,2021,3,27,26,23,30,1,29.6
28/03/2021,2021,3,28,26.6,22.9,31,1,37
29/03/2021,2021,3,29,26.2,23,30,1,37
30/03/2021,2021,3,30,25.5,23,31,1,37
31/03/2021,2021,3,31,26.5,22,31,1,37
04/01/2021,2021,4,1,26.8,24,30,1,37
04/02/2021,2021,4,2,26.8,24,30,1,37
04/03/2021,2021,4,3,27.4,24,30.4,1,37
04/04/2021,2021,4,4,27.3,25,30,1,37
04/05/2021,2021,4,5,27.8,26,31,1,37
04/06/2021,2021,4,6,27,24,30,1,37
04/07/2021,2021,4,7,26.9,23.7,30.1,1,37
04/08/2021,2021,4,8,27.2,25,30,1,37
04/09/2021,2021,4,9,26.1,23,29,1,37
04/10/2021,2021,4,10,25.7,22,29,1,37
04/11/2021,2021,4,11,27,25,29,1,37
04/12/2021,2021,4,12,25.4,22.6,29.2,1,37
13/04/2021,2021,4,13,26.4,23.4,29,1,37
14/04/2021,2021,4,14,26.9,25,30,1,37
15/04/2021,2021,4,15,26.6,24.4,29,1,37
16/04/2021,2021,4,16,24.5,22,26.4,1,37
17/04/2021,2021,4,17,27.6,24.9,32,1,37
18/04/2021,2021,4,18,25.4,24,27,1,37
19/04/2021,2021,4,19,27,25,29.4,1,37
20/04/2021,2021,4,20,26.8,24.9,29.2,1,37
21/04/2021,2021,4,21,25.6,23,28.2,1,37
22/04/2021,2021,4,22,25.8,25,27.4,1,37
23/04/2021,2021,4,23,25.4,22,27,1,37
24/04/2021,2021,4,24,25.9,24.1,26.8,1,37
25/04/2021,2021,4,25,26.1,24,28,1,37
26/04/2021,2021,4,26,25.4,24,26.8,1,37
27/04/2021,2021,4,27,24.5,23,26,1,37
28/04/2021,2021,4,28,24.8,23.9,26.2,1,37
29/04/2021,2021,4,29,25,23,27,1,37
30/04/2021,2021,4,30,26.1,25,28.4,1,37
05/01/2021,2021,5,1,25.6,23,28.1,1,37
05/02/2021,2021,5,2,25.5,22,29,1,37
05/03/2021,2021,5,3,26,23,29.1,1,37
05/04/2021,2021,5,4,26.4,24,29,1,37
05/05/2021,2021,5,5,25.5,22.9,29.1,1,37
05/06/2021,2021,5,6,24.2,22,29,1,37
05/07/2021,2021,5,7,24.4,21.1,28,1,46.3
05/08/2021,2021,5,8,24.2,22,27.1,1,33.3
05/09/2021,2021,5,9,23.7,19,27,1,37
05/10/2021,2021,5,10,23.6,18.9,27,1,37
05/11/2021,2021,5,11,24.2,21,28.3,1,38.9
05/12/2021,2021,5,12,23.9,20,28,1,37
13/05/2021,2021,5,13,25.7,24,28,1,46.3
14/05/2021,2021,5,14,25.9,24,28,1,51.8
15/05/2021,2021,5,15,25.4,24,27.2,1,57.4
16/05/2021,2021,5,16,25.2,22,28,1,55.5
17/05/2021,2021,5,17,25.6,24,28,1,51.8
18/05/2021,2021,5,18,24.8,22,28.6,1,42.6
19/05/2021,2021,5,19,23.6,21,27,1,38.9
20/05/2021,2021,5,20,23.4,22,25,1,66.7
21/05/2021,2021,5,21,23.6,21,30,1,64.8
22/05/2021,2021,5,22,23.1,20,25.1,1,61.1
23/05/2021,2021,5,23,23.3,20,26,1,48.2
24/05/2021,2021,5,24,23,21,25.2,1,40.8
25/05/2021,2021,5,25,23.4,22,25.4,1,35.2
26/05/2021,2021,5,26,23.4,19.9,26.2,1,33.3
27/05/2021,2021,5,27,23.8,21,27,1,27.8
28/05/2021,2021,5,28,23.9,22,27,1,25.9
29/05/2021,2021,5,29,24.2,22,26,1,29.6
30/05/2021,2021,5,30,24.8,22,28,1,31.5
31/05/2021,2021,5,31,23.5,20,27.1,1,33.3
06/01/2021,2021,6,1,22.6,19,26.5,1,38.9
06/02/2021,2021,6,2,24.5,22,28,1,50
06/03/2021,2021,6,3,25.1,23,28,1,53.7
06/04/2021,2021,6,4,23.2,21,27,1,50
06/05/2021,2021,6,5,23.9,21,27.1,1,46.3
06/06/2021,2021,6,6,23.2,19,27,1,25.9
06/07/2021,2021,6,7,23.5,22,25.7,1,55.5
06/08/2021,2021,6,8,22.6,21,24.2,1,59.3
06/09/2021,2021,6,9,22.3,19.9,25,1,51.8
06/10/2021,2021,6,10,23.8,22,25.1,1,53.7
06/11/2021,2021,6,11,24.1,23,26,1,53.7
06/12/2021,2021,6,12,24.3,23,25.3,1,55.5
13/06/2021,2021,6,13,24.4,23,27,1,50
14/06/2021,2021,6,14,23.6,21.5,26.2,1,48.2
15/06/2021,2021,6,15,23.2,19.7,27.1,1,33.3
16/06/2021,2021,6,16,22.3,20,25,1,27.8
17/06/2021,2021,6,17,22.3,20,25,1,48.2
18/06/2021,2021,6,18,22.7,20,26,1,48.2
19/06/2021,2021,6,19,22.2,18.8,25,1,40.8
20/06/2021,2021,6,20,22.5,20,24.5,1,50
21/06/2021,2021,6,21,21.5,20.2,23,1,48.2
22/06/2021,2021,6,22,20.7,18.9,23,1,42.6
23/06/2021,2021,6,23,22.1,19,25,1,46.3
24/06/2021,2021,6,24,22,20,25,1,44.5
25/06/2021,2021,6,25,22.2,19.3,25.4,1,40.8
26/06/2021,2021,6,26,20.7,18.5,23.1,21.1,42.6
27/06/2021,2021,6,27,23.4,21,26,21.1,40.8
28/06/2021,2021,6,28,23.1,21,25.4,21.1,46.3
29/06/2021,2021,6,29,22.8,21,25,1,48.2
30/06/2021,2021,6,30,23.4,22,25,1,46.3
07/01/2021,2021,7,1,23.2,21,25,1,51.8
07/02/2021,2021,7,2,23.2,22,25.1,1,42.6
07/03/2021,2021,7,3,22.4,20.9,25,1,40.8
07/04/2021,2021,7,4,23.1,21.5,25.1,1,44.5
07/05/2021,2021,7,5,23.4,22,25.5,1,46.3
07/06/2021,2021,7,6,23.1,21,26,1,44.5
07/07/2021,2021,7,7,22.3,21,24.8,1,51.8
07/08/2021,2021,7,8,23.3,21,26,1,48.2
07/09/2021,2021,7,9,22.7,21,24,1,61.1
07/10/2021,2021,7,10,23.2,21.9,25.2,1,59.3
07/11/2021,2021,7,11,22.4,20,25,1,55.5
07/12/2021,2021,7,12,21.7,20,24.2,1,51.8
13/07/2021,2021,7,13,22.2,21,24,1,55.5
14/07/2021,2021,7,14,21.9,20.6,23.2,1,51.8
15/07/2021,2021,7,15,21.7,17,25,1,50
16/07/2021,2021,7,16,22.1,19.9,25,1,50
17/07/2021,2021,7,17,22.2,21,24,1,59.3
18/07/2021,2021,7,18,22.2,20,25,1,51.8
19/07/2021,2021,7,19,22,19,25,1,48.2
20/07/2021,2021,7,20,21.9,21,24,1,55.5
21/07/2021,2021,7,21,21.8,20,25,1,55.5
22/07/2021,2021,7,22,21.6,18,24,1,51.8
23/07/2021,2021,7,23,22.3,20,25,1,48.2
24/07/2021,2021,7,24,21.6,18.4,25,1,37
25/07/2021,2021,7,25,22.5,21,25,1,48.2
26/07/2021,2021,7,26,21.5,19,24.3,1,44.5
27/07/2021,2021,7,27,20.9,18.8,24,1,44.5
28/07/2021,2021,7,28,20.9,19,23.7,1,57.4
29/07/2021,2021,7,29,21.9,19,24.1,1,61.1
30/07/2021,2021,7,30,21.7,19.1,24,1,55.5
31/07/2021,2021,7,31,22.1,20,24,1,50
08/01/2021,2021,8,1,22.1,21,24,1,55.5
08/02/2021,2021,8,2,20.9,16,25,1,42.6
08/03/2021,2021,8,3,19.5,14.2,24.1,1,27.8
08/04/2021,2021,8,4,21.2,20,23,1,51.8
08/05/2021,2021,8,5,21.2,20,23.2,1,51.8
08/06/2021,2021,8,6,20.8,18,24,1,46.3
08/07/2021,2021,8,7,21.9,20,25,1,42.6
08/08/2021,2021,8,8,20.9,18.5,24,1,44.5
08/09/2021,2021,8,9,21.4,19,26,1,37
08/10/2021,2021,8,10,21.9,19.5,25.5,1,27.8
08/11/2021,2021,8,11,22.1,19.1,25,9.9,31.5
08/12/2021,2021,8,12,22.9,21,25,9.9,44.5
13/08/2021,2021,8,13,22.3,18,25.1,9.9,35.2
14/08/2021,2021,8,14,21.2,16.7,24.5,1,29.6
15/08/2021,2021,8,15,21.1,19,22.8,1,46.3
16/08/2021,2021,8,16,21.2,19,23.5,1,51.8
17/08/2021,2021,8,17,21.6,19.7,24,1,53.7
18/08/2021,2021,8,18,21.9,20,24,1,53.7
19/08/2021,2021,8,19,22.3,20,25,1,46.3
20/08/2021,2021,8,20,22.1,19.3,25,1,38.9
21/08/2021,2021,8,21,22.1,20,26,1,25.9
22/08/2021,2021,8,22,21.3,18,25,1,27.8
23/08/2021,2021,8,23,21.1,17,24,1,44.5
24/08/2021,2021,8,24,21.6,20,24,1,51.8
25/08/2021,2021,8,25,21.3,19.2,24.1,1,44.5
26/08/2021,2021,8,26,21.5,16.4,24.1,1,40.8
27/08/2021,2021,8,27,21.1,19,22,1,59.3
28/08/2021,2021,8,28,22.1,20,24,1,63
29/08/2021,2021,8,29,21.7,21,23,1,59.3
30/08/2021,2021,8,30,22.5,21,25,1,46.3
31/08/2021,2021,8,31,22.3,20,25,1,38.9
09/01/2021,2021,9,1,22.6,21,25,1,46.3
09/02/2021,2021,9,2,22.5,21,25,1,48.2
09/03/2021,2021,9,3,22.4,21,24.8,1,50
09/04/2021,2021,9,4,22.8,21,25,1,55.5
09/05/2021,2021,9,5,22.5,21,24.5,1,55.5
09/06/2021,2021,9,6,22.1,21,24,1,57.4
09/07/2021,2021,9,7,21.2,19.7,23.6,1,57.4
09/08/2021,2021,9,8,21.1,19,24,1,59.3
09/09/2021,2021,9,9,21.3,19,23,1,42.6
09/10/2021,2021,9,10,22.1,19,25,1,35.2
09/11/2021,2021,9,11,22.5,21,25,1,48.2
09/12/2021,2021,9,12,22.7,20,25.2,1,59.3
13/09/2021,2021,9,13,22.2,21,24,1,55.5
14/09/2021,2021,9,14,22.5,20,25,1,51.8
15/09/2021,2021,9,15,21.9,18,26,1,46.3
16/09/2021,2021,9,16,22.1,20,24,1,40.8
17/09/2021,2021,9,17,22.6,20,25.4,1,37
18/09/2021,2021,9,18,22.9,19,28,1,27.8
19/09/2021,2021,9,19,21.9,19,24,1,42.6
20/09/2021,2021,9,20,21.4,19,24,1,50
21/09/2021,2021,9,21,21.9,20,24,1,53.7
22/09/2021,2021,9,22,21.6,19,25,1,46.3
23/09/2021,2021,9,23,22.7,21,25.4,1,44.5
24/09/2021,2021,9,24,23,21,26,1,50
25/09/2021,2021,9,25,22.6,19,25.1,1,53.7
26/09/2021,2021,9,26,22.9,21,26,1,55.5
27/09/2021,2021,9,27,22.8,20,25.6,1,53.7
28/09/2021,2021,9,28,22.6,20.9,25.5,1,51.8
29/09/2021,2021,9,29,23.3,21,26,1,50
30/09/2021,2021,9,30,23.3,22,26,1,50
10/01/2021,2021,10,1,23,22,25,1,48.2
10/02/2021,2021,10,2,23.6,22,26,1,48.2
10/03/2021,2021,10,3,22,20.4,25,1,48.2
10/04/2021,2021,10,4,22.4,20,25,1,44.5
10/05/2021,2021,10,5,22.1,19,26.1,1,31.5
10/06/2021,2021,10,6,21.5,19,26,1,27.8
10/07/2021,2021,10,7,22.8,19,26.7,1,27.8
10/08/2021,2021,10,8,22.2,19,25,1,42.6
10/09/2021,2021,10,9,23,20.7,26,1,51.8
10/10/2021,2021,10,10,22.9,21,26,1,53.7
10/11/2021,2021,10,11,23,22,24.7,1,48.2
10/12/2021,2021,10,12,24,20,27.2,1,35.2
13/10/2021,2021,10,13,23.6,21,26.1,1,35.2
14/10/2021,2021,10,14,23.7,21,26.6,1,44.5
15/10/2021,2021,10,15,23.9,22,26.4,1,46.3
16/10/2021,2021,10,16,23.5,21,26.2,1,51.8
17/10/2021,2021,10,17,23.4,20,25.2,1,48.2
18/10/2021,2021,10,18,24.4,22,27,1,48.2
19/10/2021,2021,10,19,24.3,22,27,1,46.3
20/10/2021,2021,10,20,23.9,20.8,27.1,1,38.9
21/10/2021,2021,10,21,23.8,22,26,1,38.9
22/10/2021,2021,10,22,24.4,22,27.2,1,35.2
23/10/2021,2021,10,23,24.5,22,27.1,1,40.8
24/10/2021,2021,10,24,24.7,23,28,1,40.8
25/10/2021,2021,10,25,24.4,22,27.1,1,51.8
26/10/2021,2021,10,26,24.1,21,27,1,53.7
27/10/2021,2021,10,27,24,21,27,1,46.3
28/10/2021,2021,10,28,23.4,19,27,1,31.5
29/10/2021,2021,10,29,23.4,21,25,1,33.3
30/10/2021,2021,10,30,23.8,22,26.9,1,31.5
31/10/2021,2021,10,31,23,20,26,1,31.5
11/01/2021,2021,11,1,23.5,19,27,1,33.3
11/02/2021,2021,11,2,23.8,18.6,27.1,0,35.2
11/03/2021,2021,11,3,24.1,20.2,26.8,0,35.2
11/04/2021,2021,11,4,24.8,22,28,0,35.2
11/05/2021,2021,11,5,24.4,20,28,0,33.3
11/06/2021,2021,11,6,25.3,22,28,1,40.8
11/07/2021,2021,11,7,25.6,23,28,1,44.5
11/08/2021,2021,11,8,25.2,24,27,1,44.5
11/09/2021,2021,11,9,25.9,24,29,1,40.8
11/10/2021,2021,11,10,25.1,21,28,1,38.9
11/11/2021,2021,11,11,25.4,23,28.5,1,35.2
11/12/2021,2021,11,12,25.4,22,29,1,35.2
13/11/2021,2021,11,13,25.3,21,28.6,1,38.9
14/11/2021,2021,11,14,26,23.7,29,1,42.6
15/11/2021,2021,11,15,26,23.8,29.1,1,40.8
16/11/2021,2021,11,16,25.7,23,29,1,40.8
17/11/2021,2021,11,17,25.7,23,28.5,1,42.6
18/11/2021,2021,11,18,26.2,24,29,1,51.8
19/11/2021,2021,11,19,25.6,22,29,1,48.2
20/11/2021,2021,11,20,25.7,24,28.4,1,46.3
21/11/2021,2021,11,21,25.5,23,29,1,38.9
22/11/2021,2021,11,22,25.6,22,29,1,33.3
23/11/2021,2021,11,23,25.4,22,28.7,1,33.3
24/11/2021,2021,11,24,25.6,21,30,1,31.5
25/11/2021,2021,11,25,25.6,22,29.1,1,27.8
26/11/2021,2021,11,26,26.1,19.5,30,1,25.9
27/11/2021,2021,11,27,26,22,30,1,31.5
28/11/2021,2021,11,28,26,22,29.6,1,31.5
29/11/2021,2021,11,29,26,22,30,1,29.6
30/11/2021,2021,11,30,26,21,30,1,38.9
12/01/2021,2021,12,1,26.8,25,29.6,1,44.5
12/02/2021,2021,12,2,27,25,29.9,1,46.3
12/03/2021,2021,12,3,26.9,24,30.2,1,42.6
12/04/2021,2021,12,4,26.9,24,30,1,44.5
12/05/2021,2021,12,5,27.1,24.9,29.6,1,44.5
12/06/2021,2021,12,6,27.1,25,30,1,48.2
12/07/2021,2021,12,7,27,25,30,1,48.2
12/08/2021,2021,12,8,26.9,25,30,1,48.2
12/09/2021,2021,12,9,26.6,23,30,1,42.6
12/10/2021,2021,12,10,25.9,22,29,1,44.5
12/11/2021,2021,12,11,26.5,22,30,1,42.6
12/12/2021,2021,12,12,26.7,25,30,0.3,48.2
13/12/2021,2021,12,13,25.6,23,29,0.3,51.8
14/12/2021,2021,12,14,25.8,23,28.2,0.3,59.3
15/12/2021,2021,12,15,26,23,29.2,1,59.3
16/12/2021,2021,12,16,25.9,23,29,1,61.1
17/12/2021,2021,12,17,26.3,24,29.3,1,46.3
18/12/2021,2021,12,18,26.6,23.9,30,1,33.3
19/12/2021,2021,12,19,27,22.9,30.4,1,25.9
20/12/2021,2021,12,20,26.7,24,31.3,1,25.9
21/12/2021,2021,12,21,26.9,25,30,1,35.2
22/12/2021,2021,12,22,26.2,24,28,1,38.9
23/12/2021,2021,12,23,27.5,25,31,1,35.2
24/12/2021,2021,12,24,27.9,24,31.6,1,29.6
25/12/2021,2021,12,25,27.8,24,32.4,1,24.1
26/12/2021,2021,12,26,27,24,32.1,1,20.4
27/12/2021,2021,12,27,25.6,23.9,27,1,31.5
28/12/2021,2021,12,28,26.7,24,29.5,1,38.9
29/12/2021,2021,12,29,26.6,25,29,1,48.2
30/12/2021,2021,12,30,26.2,23.6,29,1,53.7
31/12/2021,2021,12,31,26.4,24,29,1,51.8
01/01/2022,2022,1,1,25.9,24,28.1,1,46.3
01/02/2022,2022,1,2,26.4,24,29,1,42.6
01/03/2022,2022,1,3,25.5,21,29,1,40.8
01/04/2022,2022,1,4,26.5,25,29,1,38.9
01/05/2022,2022,1,5,26.7,25,28.5,1,38.9
01/06/2022,2022,1,6,25.8,23,30,0,35.2
01/07/2022,2022,1,7,25.5,24,28.2,0,33.3
01/08/2022,2022,1,8,25.1,23.8,29,0,31.5
01/09/2022,2022,1,9,26,23,29.5,1,35.2
01/10/2022,2022,1,10,25.4,23,28,1,35.2
01/11/2022,2022,1,11,25.9,23,28,1,42.6
01/12/2022,2022,1,12,26.8,24.2,29,1,42.6
13/01/2022,2022,1,13,26.9,24.9,29,1,40.8
14/01/2022,2022,1,14,27.4,25,30.4,1,35.2
15/01/2022,2022,1,15,28.4,25,33,1,33.3
16/01/2022,2022,1,16,27.6,23,32,1,29.6
17/01/2022,2022,1,17,27.8,24,31,1,27.8
18/01/2022,2022,1,18,27.1,24,31.2,1,25.9
19/01/2022,2022,1,19,27.4,26,31,1,25.9
20/01/2022,2022,1,20,27.5,25,31,1,31.5
21/01/2022,2022,1,21,28.4,26.9,31,1,44.5
22/01/2022,2022,1,22,28.8,27,31,1,48.2
23/01/2022,2022,1,23,28.2,26,30.4,1,48.2
24/01/2022,2022,1,24,26.3,25,28,1,51.8
25/01/2022,2022,1,25,26.4,24.9,28.7,1,55.5
26/01/2022,2022,1,26,25.9,23,28.2,1,55.5
27/01/2022,2022,1,27,24.7,20,29,1,48.2
28/01/2022,2022,1,28,26.5,22,29.6,1,44.5
29/01/2022,2022,1,29,27.5,24,30,1,42.6
30/01/2022,2022,1,30,27.9,26,30.1,1,46.3
31/01/2022,2022,1,31,27.8,26,30,1,55.5
02/01/2022,2022,2,1,26.7,26,28.1,1,70.4
02/02/2022,2022,2,2,27.1,26,29,1,87
02/03/2022,2022,2,3,26.4,25.5,27.1,1,90.8
02/04/2022,2022,2,4,27.1,26,29,1,72.2
02/05/2022,2022,2,5,27.2,26,29.4,1,57.4
02/06/2022,2022,2,6,27.3,24,30,1,53.7
02/07/2022,2022,2,7,26.9,24.9,29.1,1,44.5
02/08/2022,2022,2,8,26.5,24,29.2,1,44.5
02/09/2022,2022,2,9,26.3,23,29.1,1,40.8
02/10/2022,2022,2,10,26.1,23,29,1,37
02/11/2022,2022,2,11,26.7,24,30,1,35.2
02/12/2022,2022,2,12,26.7,23,30,1,35.2
13/02/2022,2022,2,13,27.8,25,30.4,1,46.3
14/02/2022,2022,2,14,27.8,26,30.2,1,53.7
15/02/2022,2022,2,15,27.8,26,30.2,1,50
16/02/2022,2022,2,16,26.3,25,28,1,51.8
17/02/2022,2022,2,17,27.2,25,29.1,1,53.7
18/02/2022,2022,2,18,27.2,26,29,1,61.1
19/02/2022,2022,2,19,27,25.6,29,1,75.9
20/02/2022,2022,2,20,27.9,26,30,1,72.2
21/02/2022,2022,2,21,27.7,27,29.5,1,68.5
22/02/2022,2022,2,22,27.4,26,30,1,61.1
23/02/2022,2022,2,23,27.6,25,30,1,42.6
24/02/2022,2022,2,24,27.1,25,29.6,1,42.6
25/02/2022,2022,2,25,26.8,24,30,1,38.9
26/02/2022,2022,2,26,27.5,26,30,1,44.5
27/02/2022,2022,2,27,26.3,23.4,29.2,1,40.8
28/02/2022,2022,2,28,27.7,25,31,1,38.9
03/01/2022,2022,3,1,26.9,24,30,1,42.6
03/02/2022,2022,3,2,28,26,30,1,46.3
03/03/2022,2022,3,3,26.7,25,29,1,42.6
03/04/2022,2022,3,4,26.9,25,29.7,1,42.6
03/05/2022,2022,3,5,27,25,28,1,50
03/06/2022,2022,3,6,27.6,26,30,1,59.3
03/07/2022,2022,3,7,27.4,26,30,1,55.5
03/08/2022,2022,3,8,25.9,23.7,29,1,44.5
03/09/2022,2022,3,9,26.7,24,29.1,1,38.9
03/10/2022,2022,3,10,27.3,24,30,1,37
03/11/2022,2022,3,11,27.3,25,30,1,38.9
03/12/2022,2022,3,12,26.9,25,29.7,1,42.6
13/03/2022,2022,3,13,26.6,24.6,30,1,48.2
14/03/2022,2022,3,14,27.2,25,30,1,53.7
15/03/2022,2022,3,15,26.5,24,29,1,40.8
16/03/2022,2022,3,16,27.4,24.6,30.5,1,33.3
17/03/2022,2022,3,17,27.5,25,30.4,1,35.2
18/03/2022,2022,3,18,27,25,31,1,31.5
19/03/2022,2022,3,19,26.5,24,31,1,22.2
20/03/2022,2022,3,20,26.4,24,31,1,27.8
21/03/2022,2022,3,21,26.1,24,28.2,1,29.6
22/03/2022,2022,3,22,27.1,24,30.1,1,37
23/03/2022,2022,3,23,27.8,26,30,1,46.3
24/03/2022,2022,3,24,27.6,26,30,1,42.6
25/03/2022,2022,3,25,27.4,25.8,30,1,33.3
26/03/2022,2022,3,26,27.5,24,30.2,1,35.2
27/03/2022,2022,3,27,27.2,24.9,30,1,33.3
28/03/2022,2022,3,28,27,24,30,1,33.3
29/03/2022,2022,3,29,25.9,21,29.4,1,25.9
30/03/2022,2022,3,30,25.1,23.4,28.2,1,40.8
31/03/2022,2022,3,31,26,24,28.2,1,55.5
04/01/2022,2022,4,1,24.9,23,26,1,61.1
04/02/2022,2022,4,2,24,23,26,1,63
04/03/2022,2022,4,3,25.9,23,29,1,55.5
04/04/2022,2022,4,4,26.8,26,28.2,1,50
04/05/2022,2022,4,5,26,24,28,1,46.3
04/06/2022,2022,4,6,26.5,25,29,1,46.3
04/07/2022,2022,4,7,26.6,24,29,1,44.5
04/08/2022,2022,4,8,25.2,24,26.6,1,46.3
04/09/2022,2022,4,9,26.1,24,29,1,48.2
04/10/2022,2022,4,10,26.1,24,29,1,50
04/11/2022,2022,4,11,25.4,24,27.7,1,55.5
04/12/2022,2022,4,12,25.7,23,28.1,1,59.3
13/04/2022,2022,4,13,25.7,24,28.5,1,61.1
14/04/2022,2022,4,14,26.1,25,28.2,1,61.1
15/04/2022,2022,4,15,26,24,28,1,57.4
16/04/2022,2022,4,16,26.2,24,29,1,63
17/04/2022,2022,4,17,25.6,24,27.2,5.1,53.7
18/04/2022,2022,4,18,26.1,23,29,3.0499999999999927,50
19/04/2022,2022,4,19,26.6,23.8,29.4,2,44.5
20/04/2022,2022,4,20,26.4,24.8,29.3,0.5,38.9
21/04/2022,2022,4,21,26.2,22.9,29.4,0,31.5
22/04/2022,2022,4,22,25.8,24,28.5,0.2499999999999929,46.3
23/04/2022,2022,4,23,25.2,23.9,28,0,57.4
24/04/2022,2022,4,24,24.6,21.8,27.1,0.5,59.3
25/04/2022,2022,4,25,24.6,23,27,0,61.1
26/04/2022,2022,4,26,25.3,21.9,28,11.9,55.5
27/04/2022,2022,4,27,24.9,22.8,28,5.949999999999993,40.8
28/04/2022,2022,4,28,24.1,20.3,28.6,0,25.9
29/04/2022,2022,4,29,24.4,21,28.6,0.3,31.5
30/04/2022,2022,4,30,25.4,21.5,28.2,0,38.9
05/01/2022,2022,5,1,25.2,24,28,0,37
05/02/2022,2022,5,2,24.9,21.4,28.3,0,33.3
05/03/2022,2022,5,3,25.2,22.4,27.4,5.1,35.2
05/04/2022,2022,5,4,26.1,22.6,28.4,0.5,46.3
05/05/2022,2022,5,5,25,24,27,0.5,61.1
05/06/2022,2022,5,6,25,23.6,26.2,0.5,63
05/07/2022,2022,5,7,25.1,22,28.6,0,55.5
05/08/2022,2022,5,8,24.6,22,27.6,7.9,46.3
05/09/2022,2022,5,9,24.4,20.8,27.6,0.8,33.3
05/10/2022,2022,5,10,24.4,22,27.7,4.1,35.2
05/11/2022,2022,5,11,25,21.3,28.7,0.5,31.5
05/12/2022,2022,5,12,24.1,22,28.3,0,22.2
13/05/2022,2022,5,13,23.9,22,26.6,5.1,35.2
14/05/2022,2022,5,14,24.4,20.8,26.6,0,37
15/05/2022,2022,5,15,24.3,22.6,27,0,37
16/05/2022,2022,5,16,24.5,22.3,27,1,48.2
17/05/2022,2022,5,17,23.7,22,26.2,2,46.3
18/05/2022,2022,5,18,23.9,21,26.1,1,50
19/05/2022,2022,5,19,24.3,23,26,1.499999999999993,51.8
20/05/2022,2022,5,20,23.6,22,26.4,4.1,53.7
21/05/2022,2022,5,21,24.2,20.9,27.6,13,55.5
22/05/2022,2022,5,22,23.8,20.7,27,8.549999999999994,48.2
23/05/2022,2022,5,23,24.2,21.4,26,4.1,48.2
24/05/2022,2022,5,24,24.6,23,27.8,2,48.2
25/05/2022,2022,5,25,23.6,21,27.2,6.1,33.3
26/05/2022,2022,5,26,23.3,20,27.4,0,24.1
27/05/2022,2022,5,27,22.4,17.3,27.4,0,22.2
28/05/2022,2022,5,28,24.2,20,26.7,0,33.3
29/05/2022,2022,5,29,23.4,22.5,25.9,0,40.8
30/05/2022,2022,5,30,22.7,19,25.6,1.1,40.8
31/05/2022,2022,5,31,24,18.5,26.1,7.9,42.6
06/01/2022,2022,6,1,23.7,21.8,26.5,0.8,37
06/02/2022,2022,6,2,23.6,18.6,27.3,0,39.8
06/03/2022,2022,6,3,24.1,22,26.6,1.6,37
06/04/2022,2022,6,4,23.5,21,26,5.6,37
06/05/2022,2022,6,5,22.8,20,26.1,9.9,37
06/06/2022,2022,6,6,23.1,20.4,26.4,1,37
06/07/2022,2022,6,7,22.9,21,25,5.7,37
06/08/2022,2022,6,8,23.1,19.4,26,4.1,37
06/09/2022,2022,6,9,22.3,20.8,24.2,1,37
06/10/2022,2022,6,10,21.9,20.9,24,3.9,37
06/11/2022,2022,6,11,22.9,20.6,25,8.3,37
06/12/2022,2022,6,12,21.7,20,23.5,0,37
13/06/2022,2022,6,13,22.9,21,25,6.9,37
14/06/2022,2022,6,14,23.4,22,26.4,0,37
15/06/2022,2022,6,15,22.5,20.5,25.6,0.3,50
16/06/2022,2022,6,16,23.4,20,26.6,7.1,46.3
17/06/2022,2022,6,17,21.5,18.5,26.1,0.5,29.6
18/06/2022,2022,6,18,21.3,15.8,26.2,0,20.4
19/06/2022,2022,6,19,22.1,18.5,25,2,38.9
20/06/2022,2022,6,20,21.5,18.9,24.7,5.1,48.2
21/06/2022,2022,6,21,21.7,19.2,24,6.1,42.6
22/06/2022,2022,6,22,21.4,16.4,24.6,0,42.6
23/06/2022,2022,6,23,21.4,18.6,23.7,0,48.2
24/06/2022,2022,6,24,21.8,20.5,24,0.9,57.4
25/06/2022,2022,6,25,22,20,24.7,0,50
26/06/2022,2022,6,26,21.6,19,23.5,0.6,35.2
27/06/2022,2022,6,27,21.3,15.1,24.3,0,31.5
28/06/2022,2022,6,28,21.6,20,24,2.1,53.7
29/06/2022,2022,6,29,21.3,19,24,2.1,51.8
30/06/2022,2022,6,30,19.9,16.5,23,6.1,44.5
07/01/2022,2022,7,1,20.6,19,23,2.5,50
07/02/2022,2022,7,2,21.9,18,24.1,2,59.3
07/03/2022,2022,7,3,21.5,19.5,24.4,1,57.4
07/04/2022,2022,7,4,21.2,20,24,4.1,55.5
07/05/2022,2022,7,5,21.3,18.6,24.2,2,46.3
07/06/2022,2022,7,6,20.8,18.1,22.4,0.5,42.6
07/07/2022,2022,7,7,21.6,20,23.5,0,50
07/08/2022,2022,7,8,21.4,19,24,2,55.5
07/09/2022,2022,7,9,20.4,18.1,22.7,2,57.4
07/10/2022,2022,7,10,21.2,18.3,23.6,0.8,59.3
07/11/2022,2022,7,11,21.9,18.9,25.1,1,57.4
07/12/2022,2022,7,12,22.1,20,25,1.1,53.7
13/07/2022,2022,7,13,21.4,19.7,24.4,0.5,50
14/07/2022,2022,7,14,21.3,18.1,24.4,2,48.2
15/07/2022,2022,7,15,21.1,17.7,24.2,3,42.6
16/07/2022,2022,7,16,22,19,25,3.2,46.3
17/07/2022,2022,7,17,21.1,19,23.4,0,51.8
18/07/2022,2022,7,18,20.5,18.8,22.4,6.1,64.8
19/07/2022,2022,7,19,21,19,23.3,3,63
20/07/2022,2022,7,20,21.3,19.4,23,2.4,63
21/07/2022,2022,7,21,20.9,17.3,24.2,2,57.4
22/07/2022,2022,7,22,21.1,20,23,7,50
23/07/2022,2022,7,23,21.4,18.5,24.3,7.9,50
24/07/2022,2022,7,24,20.9,19.9,24.3,0.5,42.6
25/07/2022,2022,7,25,20.4,15.4,24,0.5,35.2
26/07/2022,2022,7,26,21.3,19,24.9,0,37
27/07/2022,2022,7,27,21.2,18.2,24.5,2,38.9
28/07/2022,2022,7,28,21.4,19,24.6,0,37
29/07/2022,2022,7,29,21.7,19,24.3,3.6,42.6
30/07/2022,2022,7,30,21.1,19,24,6.4,50
31/07/2022,2022,7,31,22.1,20,25,1,51.8
08/01/2022,2022,8,1,20.8,19,24.1,0,40.8
08/02/2022,2022,8,2,21.3,18,24.5,7.9,29.6
08/03/2022,2022,8,3,21.2,18.4,24.4,0,37
08/04/2022,2022,8,4,21.8,20,24.5,1.6,44.5
08/05/2022,2022,8,5,21.9,19,25,4.1,46.3
08/06/2022,2022,8,6,21.4,17.5,25,1.4,40.8
08/07/2022,2022,8,7,21.6,20,25.4,0.3,33.3
08/08/2022,2022,8,8,20.8,17,25,0.5,33.3
08/09/2022,2022,8,9,21.9,20,25,5.1,46.3
08/10/2022,2022,8,10,21.1,19.6,23,1.4,59.3
08/11/2022,2022,8,11,20.7,17.9,23.5,0.3,59.3
08/12/2022,2022,8,12,20.1,18,23.4,0,55.5
13/08/2022,2022,8,13,20.3,18.2,23.4,5.1,53.7
14/08/2022,2022,8,14,21.1,19,24.2,0,53.7
15/08/2022,2022,8,15,21.3,18.1,24.6,2,53.7
16/08/2022,2022,8,16,21.8,18.5,25.1,0.8,37
17/08/2022,2022,8,17,21.1,19,25.1,0,29.6
18/08/2022,2022,8,18,21.7,16.6,25.6,0.5,35.2
19/08/2022,2022,8,19,22.3,19.4,25.4,0.5,42.6
20/08/2022,2022,8,20,22.6,20.5,25.8,0,46.3
21/08/2022,2022,8,21,22.1,19,26.1,0,40.8
22/08/2022,2022,8,22,22.3,17.8,25.3,0,46.3
23/08/2022,2022,8,23,22.7,19.9,25.1,0.8,48.2
24/08/2022,2022,8,24,22.1,19.9,25,0,51.8
25/08/2022,2022,8,25,21.7,20,24,5.6,53.7
26/08/2022,2022,8,26,21.8,19.6,24.5,1,50
27/08/2022,2022,8,27,22.1,18.9,24.6,1,51.8
28/08/2022,2022,8,28,22.6,21,25,7.6,48.2
29/08/2022,2022,8,29,22.4,19,25.2,1,42.6
30/08/2022,2022,8,30,20.9,17.6,25,0,31.5
31/08/2022,2022,8,31,21,18,25.6,0,35.2
09/01/2022,2022,9,1,21.3,17,26,0.9,22.2
09/02/2022,2022,9,2,21.7,18.5,24.5,0,37
09/03/2022,2022,9,3,21.3,18.4,24.8,2,44.5
09/04/2022,2022,9,4,22.1,19,25,5.1,46.3
09/05/2022,2022,9,5,21.9,19.4,24.4,0.5,50
09/06/2022,2022,9,6,21.7,20,25,0,53.7
09/07/2022,2022,9,7,22,19,25.6,1.3,46.3
09/08/2022,2022,9,8,22.2,19.8,25.1,0.8,40.8
09/09/2022,2022,9,9,22.1,20.5,24.8,0,50
09/10/2022,2022,9,10,22.1,20,25.4,0,48.2
09/11/2022,2022,9,11,22.3,20,25.5,0,48.2
09/12/2022,2022,9,12,22.2,19,25.1,1.1,44.5
13/09/2022,2022,9,13,21.1,17.1,25,0,37
14/09/2022,2022,9,14,22.5,18.8,26.8,0.5,35.2
15/09/2022,2022,9,15,22.8,20.8,25.6,0,50
16/09/2022,2022,9,16,22.4,20.4,25.7,0,51.8
17/09/2022,2022,9,17,22.5,21,25,2.8,51.8
18/09/2022,2022,9,18,22.7,20.9,25.4,1,50
19/09/2022,2022,9,19,22.3,18.6,25.6,0.3,48.2
20/09/2022,2022,9,20,21.7,19,24.2,4.4,50
21/09/2022,2022,9,21,22.4,21,25,4.2,51.8
22/09/2022,2022,9,22,22.7,21,25,4.9,50
23/09/2022,2022,9,23,22.9,21,26,7.7,53.7
24/09/2022,2022,9,24,22.3,20,25.1,3.6,51.8
25/09/2022,2022,9,25,22.7,21,25.3,0.8,53.7
26/09/2022,2022,9,26,22.5,20,25,1,53.7
27/09/2022,2022,9,27,22.8,21,25,3.2,48.2
28/09/2022,2022,9,28,22.5,20.9,25,1.1,48.2
29/09/2022,2022,9,29,21.5,17.9,24.4,1.6,46.3
30/09/2022,2022,9,30,22.1,19.7,25,0.9,44.5
10/01/2022,2022,10,1,22,20,25,4.9,46.3
10/02/2022,2022,10,2,22.7,21,25,1.3,46.3
10/03/2022,2022,10,3,22.2,19.8,25,3.1,44.5
10/04/2022,2022,10,4,22.6,19.9,25.8,2.1,44.5
10/05/2022,2022,10,5,22.8,20.2,25.6,0.4,46.3
10/06/2022,2022,10,6,23,21.3,25.7,1.4,46.3
10/07/2022,2022,10,7,22.9,20.6,25.4,3.5,50
10/08/2022,2022,10,8,22.9,20.9,25.5,0,48.2
10/09/2022,2022,10,9,22.9,21.1,25.9,2.3,46.3
10/10/2022,2022,10,10,22.9,21,26,0.9,44.5
10/11/2022,2022,10,11,22.8,21,25.2,0.9,42.6
10/12/2022,2022,10,12,22.8,20.7,25.4,1.2,44.5
13/10/2022,2022,10,13,23,21,25.5,0,44.5
14/10/2022,2022,10,14,23.1,21,26,1.4,48.2
15/10/2022,2022,10,15,22.6,19.2,25,0.9,44.5
16/10/2022,2022,10,16,22.8,20.5,25.5,2.8,35.2
17/10/2022,2022,10,17,22.3,19,25.4,2.9,35.2
18/10/2022,2022,10,18,22.9,20.4,25.3,0,37
19/10/2022,2022,10,19,22.8,20.8,25.7,1.8,42.6
20/10/2022,2022,10,20,22,18.7,25.2,2.9,37
21/10/2022,2022,10,21,23.2,20.6,26,2.4,38.9
22/10/2022,2022,10,22,24.1,22,27,2,35.2
23/10/2022,2022,10,23,23.6,19.4,26.7,1.8,38.9
24/10/2022,2022,10,24,23.6,20.7,27,1.3,33.3
25/10/2022,2022,10,25,23.5,19.5,26.5,0,35.2
26/10/2022,2022,10,26,24,22,27.2,5.6,40.8
27/10/2022,2022,10,27,24.3,21.7,27.1,2.6,38.9
28/10/2022,2022,10,28,23.9,21.2,26.9,1.7,38.9
29/10/2022,2022,10,29,24.3,22,27.3,0.1,31.5
30/10/2022,2022,10,30,24.1,20.8,27.1,0,38.9
31/10/2022,2022,10,31,23.5,20.1,27.6,5.8,44.5
11/01/2022,2022,11,1,24.1,21.4,27,1.4,38.9
11/02/2022,2022,11,2,24,21.6,26.6,2.9,40.8
11/03/2022,2022,11,3,24.3,21.5,27.1,1.6,37
11/04/2022,2022,11,4,24.5,21.3,28.1,0.3,33.3
11/05/2022,2022,11,5,24.1,21.6,26.7,0.5,33.3
11/06/2022,2022,11,6,24.3,20.6,27.6,1.1,35.2
11/07/2022,2022,11,7,24.5,21.5,27.8,3.4,37
11/08/2022,2022,11,8,24.5,22,27,0.4,38.9
11/09/2022,2022,11,9,24.6,22.6,27.2,0.5,37
11/10/2022,2022,11,10,24.5,21.1,27.2,0.4,33.3
11/11/2022,2022,11,11,24.6,20.7,27.7,0,27.8
11/12/2022,2022,11,12,24.1,21.4,26.8,0.2,29.6
13/11/2022,2022,11,13,23.9,20.2,27.3,0,27.8
14/11/2022,2022,11,14,21.9,20,24.2,4.4,33.3
15/11/2022,2022,11,15,23.7,21.8,26.7,0.6,44.5
16/11/2022,2022,11,16,22.9,16.3,26.6,0.4,35.2
17/11/2022,2022,11,17,22.7,17.7,28.2,0.1,29.6
18/11/2022,2022,11,18,22,15.8,27,0,27.8
19/11/2022,2022,11,19,22.9,17,27.4,0.1,25.9
20/11/2022,2022,11,20,23.9,18.9,28,0,31.5
21/11/2022,2022,11,21,24.9,20.4,28.9,0,37
22/11/2022,2022,11,22,25,20.5,29.4,1,31.5
23/11/2022,2022,11,23,25.4,21.9,29,2.6,35.2
24/11/2022,2022,11,24,25.9,23.2,28.9,1.3,38.9
25/11/2022,2022,11,25,25.9,23.7,28.6,4.5,44.5
26/11/2022,2022,11,26,25.1,23.1,27.6,5,48.2
27/11/2022,2022,11,27,25.2,23.2,27.9,1.2,40.8
28/11/2022,2022,11,28,24.4,20.6,27.8,1.7,31.5
29/11/2022,2022,11,29,25.5,22.4,29.2,2.3,37
30/11/2022,2022,11,30,25.1,21,28.3,0,37
12/01/2022,2022,12,1,25,20.9,28.3,0.1,33.3
12/02/2022,2022,12,2,24.8,21.8,27.9,0.6,31.5
12/03/2022,2022,12,3,24.6,19.7,28.2,0.2,31.5
12/04/2022,2022,12,4,25.8,22.5,28.7,0,33.3
12/05/2022,2022,12,5,26.4,24.2,29.3,1,44.5
12/06/2022,2022,12,6,26,22.5,29.1,6.7,44.5
12/07/2022,2022,12,7,25.8,23.4,28.8,7.5,46.3
12/08/2022,2022,12,8,26.1,24,28.8,20.7,51.8
12/09/2022,2022,12,9,26.1,24.8,28.2,6.7,46.3
12/10/2022,2022,12,10,25.2,23.4,27.3,5,40.8
12/11/2022,2022,12,11,25.8,23.9,28.2,2,37
12/12/2022,2022,12,12,26.1,23.6,28.6,1.9,40.8
13/12/2022,2022,12,13,26.2,23.9,28.9,3,50
14/12/2022,2022,12,14,26.3,23.5,29.2,5.1,50
15/12/2022,2022,12,15,25.7,23,29,2.8,38.9
16/12/2022,2022,12,16,26.2,24,28.6,1.2,48.2
17/12/2022,2022,12,17,26.5,23.8,29.2,5.1,44.5
18/12/2022,2022,12,18,26.4,24.4,28.9,0.4,46.3
19/12/2022,2022,12,19,26.3,24,29,0.7,42.6
20/12/2022,2022,12,20,25.9,23.5,29.1,0.7,38.9
21/12/2022,2022,12,21,25.9,21.8,29.2,0.1,35.2
22/12/2022,2022,12,22,25.8,21.6,29.4,0,33.3
23/12/2022,2022,12,23,25.8,20.8,30,0,33.3
24/12/2022,2022,12,24,26.6,21.9,30.2,0,38.9
25/12/2022,2022,12,25,26.8,24.5,29.3,2.7,35.2
26/12/2022,2022,12,26,26.4,23,29.6,5.2,37
27/12/2022,2022,12,27,26.7,24.6,29.8,3.6,40.8
28/12/2022,2022,12,28,26.5,22.5,29.4,0.8,40.8
29/12/2022,2022,12,29,25.9,21.8,29.1,0.2,31.5
30/12/2022,2022,12,30,26.1,22.1,29.1,0,24.1
31/12/2022,2022,12,31,25.4,21.3,30,9.8,22.2
01/01/2023,2023,1,1,25.5,20.6,30,10,24.1
01/02/2023,2023,1,2,26.4,21.5,30.4,0.6,24.1
01/03/2023,2023,1,3,26.8,22.8,30,0,29.6
01/04/2023,2023,1,4,27.3,25,30,0.6,35.2
01/05/2023,2023,1,5,26.9,23.5,29.9,4.1,40.8
01/06/2023,2023,1,6,27.3,25.5,29.9,3.9,46.3
01/07/2023,2023,1,7,27.1,24.9,29.5,5.1,44.5
01/08/2023,2023,1,8,26.7,24.4,30,4.1,40.8
01/09/2023,2023,1,9,27.2,24.5,29.8,2,42.6
01/10/2023,2023,1,10,24.5,22.1,26.9,5.1,42.6
01/11/2023,2023,1,11,26.4,24.3,29.3,4.4,38.9
01/12/2023,2023,1,12,26.4,24,29.1,0.9,42.6
13/01/2023,2023,1,13,26.2,23,29.3,2.4,37
14/01/2023,2023,1,14,26.8,24.6,29.4,3.3,38.9
15/01/2023,2023,1,15,26.5,23,29.7,4.5,42.6
16/01/2023,2023,1,16,27.2,25.5,29.1,6.3,48.2
17/01/2023,2023,1,17,26.9,25.4,29,7,53.7
18/01/2023,2023,1,18,26.7,24,28.5,20.2,51.8
19/01/2023,2023,1,19,25.9,24,28.3,16.8,50
20/01/2023,2023,1,20,25.3,24,27,20.8,40.8
21/01/2023,2023,1,21,26.4,23.6,29.2,3.4,33.3
22/01/2023,2023,1,22,26.4,23.4,29,1.1,35.2
23/01/2023,2023,1,23,25.4,23.6,28.1,6.6,29.6
24/01/2023,2023,1,24,24.4,22.2,27.5,26.3,29.6
25/01/2023,2023,1,25,23.4,22,24.6,41.7,24.1
26/01/2023,2023,1,26,24.1,23.3,25.4,74,33.3
27/01/2023,2023,1,27,25.2,23.7,28.6,17.2,29.6
28/01/2023,2023,1,28,25.6,24.5,27.6,31.8,22.2
29/01/2023,2023,1,29,26.7,24,30,5.8,22.2
30/01/2023,2023,1,30,26.4,23.4,30.7,9,20.4
31/01/2023,2023,1,31,26.7,22.5,30.2,3.2,25.9
02/01/2023,2023,2,1,27.3,25.3,29.6,4.5,37
02/02/2023,2023,2,2,27.2,24.1,30,3,31.5
02/03/2023,2023,2,3,26.3,24.4,29.4,4,33.3
02/04/2023,2023,2,4,26.9,24.3,29.5,3.4,37
02/05/2023,2023,2,5,27.4,25.3,30,5.2,33.3
02/06/2023,2023,2,6,27.2,24.8,30,1,38.9
02/07/2023,2023,2,7,27.2,24.2,29.8,7.6,42.6
02/08/2023,2023,2,8,27.4,25.6,29.7,6.1,50
02/09/2023,2023,2,9,27.4,25.3,30,3.6,42.6
02/10/2023,2023,2,10,27.4,25.3,30,2.7,44.5
02/11/2023,2023,2,11,27.4,25.4,30,2.1,42.6
02/12/2023,2023,2,12,26.6,23,29.6,0,35.2
13/02/2023,2023,2,13,26.7,23.9,29.2,7.5,46.3
14/02/2023,2023,2,14,26.5,24.3,29,11,42.6
15/02/2023,2023,2,15,26.9,24.7,29.4,1.9,40.8
16/02/2023,2023,2,16,25.8,22.3,29.2,0.5,31.5
17/02/2023,2023,2,17,25.3,20.9,29.5,0.1,29.6
18/02/2023,2023,2,18,26.2,22,29.4,1.2,33.3
19/02/2023,2023,2,19,27.3,24.2,29.9,6.6,40.8
20/02/2023,2023,2,20,27.3,26,29.8,23.6,70.4
21/02/2023,2023,2,21,27.3,25.5,30,6.6,64.8
22/02/2023,2023,2,22,27.6,25.7,30.2,4.5,51.8
23/02/2023,2023,2,23,27,25.4,29.2,4.2,42.6
24/02/2023,2023,2,24,26.5,23.5,29.1,3.8,35.2
25/02/2023,2023,2,25,26.7,24.5,29.1,4.7,35.2
26/02/2023,2023,2,26,26.3,23,29.1,2.2,33.3
27/02/2023,2023,2,27,26.1,21.9,30,0.4,31.5
28/02/2023,2023,2,28,26.5,23.6,29.2,2.2,31.5
03/01/2023,2023,3,1,26.1,22.7,29.5,0.9,27.8
03/02/2023,2023,3,2,25.9,21,30.1,1.8,25.9
03/03/2023,2023,3,3,26.4,23,30.7,0.8,29.6
03/04/2023,2023,3,4,27.2,23.6,31.6,3.3,27.8
03/05/2023,2023,3,5,25.9,23,30.4,32.9,27.8
03/06/2023,2023,3,6,25.8,23.8,29,1.8,29.6
03/07/2023,2023,3,7,27,25,29.5,4.9,37
03/08/2023,2023,3,8,26.9,24.4,29.4,4.3,38.9
03/09/2023,2023,3,9,26.5,25.4,28.6,6.8,38.9
03/10/2023,2023,3,10,26.3,23.4,28.1,9.7,40.8
03/11/2023,2023,3,11,27.1,25.6,30,7.5,46.3
03/12/2023,2023,3,12,27,25,29.2,6,50
13/03/2023,2023,3,13,26.7,25.4,28.5,8.9,48.2
14/03/2023,2023,3,14,26.9,25.6,28.8,3.7,57.4
15/03/2023,2023,3,15,26.9,25.4,29.4,5.2,53.7
16/03/2023,2023,3,16,27,25.2,29.4,1.8,50
17/03/2023,2023,3,17,26.2,24.7,28.4,8.3,38.9
18/03/2023,2023,3,18,26.6,24.8,29.3,18.6,27.8
19/03/2023,2023,3,19,26.6,24.5,29.7,3.3,29.6
20/03/2023,2023,3,20,26.4,23,30.2,14,29.6
21/03/2023,2023,3,21,26.5,22.7,30.4,0,33.3
22/03/2023,2023,3,22,26.7,24.5,29.5,1.1,38.9
23/03/2023,2023,3,23,27.2,24.3,30.1,0.8,37
24/03/2023,2023,3,24,26.9,24.8,30.2,2,33.3
25/03/2023,2023,3,25,26.7,22.6,29.7,0,31.5
26/03/2023,2023,3,26,26.7,25.6,29.6,2.3,42.6
27/03/2023,2023,3,27,26.7,24.1,29.3,2.5,38.9
28/03/2023,2023,3,28,25.7,21,30.7,0,27.8
29/03/2023,2023,3,29,26.6,21.4,29.5,0,35.2
30/03/2023,2023,3,30,27.6,23.1,30.3,2,40.8
31/03/2023,2023,3,31,27.7,26.3,30.6,1,42.6
04/01/2023,2023,4,1,27.2,25.6,31,2,42.6
04/02/2023,2023,4,2,26.9,24.4,30.3,0,35.2
04/03/2023,2023,4,3,26.6,24,30,10.9,35.2
04/04/2023,2023,4,4,25.9,23.4,29.8,1,27.8
04/05/2023,2023,4,5,25.9,23.6,30,0,25.9
04/06/2023,2023,4,6,25.9,22.5,30.3,0,29.6
04/07/2023,2023,4,7,25.9,22.5,29.5,0.5,31.5
04/08/2023,2023,4,8,25.7,22,30.3,1,31.5
04/09/2023,2023,4,9,26,22.9,29.7,3.8,40.8
04/10/2023,2023,4,10,25.4,23.7,29.5,0,40.8
04/11/2023,2023,4,11,26,23.8,29.4,11.4,40.8
04/12/2023,2023,4,12,26.5,24,29.7,6.9,38.9
13/04/2023,2023,4,13,25.9,23.4,30.1,0,27.8
14/04/2023,2023,4,14,26.2,22.3,30.2,1.5,27.8
15/04/2023,2023,4,15,26.4,23.4,30.6,0,33.3
16/04/2023,2023,4,16,26.2,23.8,30,2.7,35.2
17/04/2023,2023,4,17,25.4,22.8,29.1,3,40.8
18/04/2023,2023,4,18,26.6,24.3,29.3,6.1,42.6
19/04/2023,2023,4,19,27.1,25.2,30.3,0.3,48.2
20/04/2023,2023,4,20,26.6,24.8,29.6,0,46.3
21/04/2023,2023,4,21,26.8,23.2,29.6,4.1,48.2
22/04/2023,2023,4,22,26.6,24.6,29.5,0,38.9
23/04/2023,2023,4,23,26.6,24,29.6,0.2,37
24/04/2023,2023,4,24,26.2,23.7,29.6,0.3,33.3
25/04/2023,2023,4,25,25.5,23.3,30.3,0,29.6
26/04/2023,2023,4,26,25.4,23.8,30.1,45,25.9
27/04/2023,2023,4,27,25.1,22.5,28.3,18,27.8
28/04/2023,2023,4,28,26.2,23.2,28.5,4.1,33.3
29/04/2023,2023,4,29,25.1,23,28.6,0,33.3
30/04/2023,2023,4,30,24.3,19.7,28.6,0.5,22.2
05/01/2023,2023,5,1,24.6,21.7,28.6,0.7,24.1
05/02/2023,2023,5,2,24.9,21.4,29.8,13,18.5
05/03/2023,2023,5,3,24.7,22.2,27.9,9.9,25.9
05/04/2023,2023,5,4,25.3,22.3,28.4,22.1,33.3
05/05/2023,2023,5,5,25.3,23,28,2,38.9
05/06/2023,2023,5,6,25.7,23.4,28.3,7.1,38.9
05/07/2023,2023,5,7,25.3,22.3,28.4,15,42.6
05/08/2023,2023,5,8,25.8,23.6,29.2,24.9,44.5
05/09/2023,2023,5,9,25,22.3,28.7,4.9,42.6
05/10/2023,2023,5,10,25.6,21.9,28.5,9.9,46.3
05/11/2023,2023,5,11,25.1,22,28,51.1,51.8
05/12/2023,2023,5,12,25.9,23,29,1,44.5
13/05/2023,2023,5,13,25.1,22,29.1,3,40.8
14/05/2023,2023,5,14,23.9,21.9,28.7,0.7,33.3
15/05/2023,2023,5,15,24.6,21,28.7,0.7,29.6
16/05/2023,2023,5,16,25.2,22,29.2,0,33.3
17/05/2023,2023,5,17,25,21.2,31,0,29.6
18/05/2023,2023,5,18,25,20.9,29.5,1.7,27.8
19/05/2023,2023,5,19,25.4,22.6,29.5,2.4,27.8
20/05/2023,2023,5,20,24.4,21.2,29.6,2.8,20.4
21/05/2023,2023,5,21,24.4,19.6,29.7,1,27.8
22/05/2023,2023,5,22,24.2,19.9,28.7,0,25.9
23/05/2023,2023,5,23,25,21.2,30.1,0,24.1
24/05/2023,2023,5,24,23.4,20.9,28,0,22.2
25/05/2023,2023,5,25,22.9,19.9,25.9,6.1,35.2
26/05/2023,2023,5,26,21.5,20,23.7,25.9,40.8
27/05/2023,2023,5,27,23.2,20.4,26.5,13,42.6
28/05/2023,2023,5,28,23.8,20.9,26.5,20.1,50
29/05/2023,2023,5,29,25.1,23.4,27.5,3,48.2
30/05/2023,2023,5,30,23.7,19.1,27,0,31.5
31/05/2023,2023,5,31,23.9,21,26.7,0.1,33.3
06/01/2023,2023,6,1,22.9,19.2,27.1,0,31.5
06/02/2023,2023,6,2,24,22.2,26.5,3.7,46.3
06/03/2023,2023,6,3,24.3,20.4,26.7,0,50
06/04/2023,2023,6,4,24.9,21.2,28,0.5,50
06/05/2023,2023,6,5,24.1,21.9,25.4,8.9,51.8
06/06/2023,2023,6,6,25.1,22.2,28.5,10.9,44.5
06/07/2023,2023,6,7,23.8,22.4,25.5,0.5,40.8
06/08/2023,2023,6,8,24.4,21.4,27.8,4.1,38.9
06/09/2023,2023,6,9,24.5,20.4,27.6,0,38.9
06/10/2023,2023,6,10,24.5,23.2,27.8,0,38.9
06/11/2023,2023,6,11,24,20,27.7,1,37
06/12/2023,2023,6,12,24.4,20.8,27.5,13,29.6
13/06/2023,2023,6,13,24.4,22.2,28.3,5.1,31.5
14/06/2023,2023,6,14,23.8,19.1,27.3,0,27.8
15/06/2023,2023,6,15,25,23.7,28.2,6,38.9
16/06/2023,2023,6,16,24.6,22.7,28,0,35.2
17/06/2023,2023,6,17,23.6,19.1,28,0,22.2
18/06/2023,2023,6,18,23.2,21,25.7,3,44.5
19/06/2023,2023,6,19,22.8,20.9,24.5,0,42.6
20/06/2023,2023,6,20,23.8,21,26.4,0,38.9
21/06/2023,2023,6,21,23.9,21.9,27,1.3,38.9
22/06/2023,2023,6,22,23.1,20,27,2,46.3
23/06/2023,2023,6,23,21.5,17.6,25.7,0,31.5
24/06/2023,2023,6,24,21.3,16.4,26.5,0,20.4
25/06/2023,2023,6,25,19.7,16,22.6,22.1,38.9
26/06/2023,2023,6,26,20.1,15.8,23.5,0.2,33.3
27/06/2023,2023,6,27,20.5,14.6,25,0,29.6
28/06/2023,2023,6,28,22.6,17.6,26.3,0,38.9
29/06/2023,2023,6,29,22.1,19.7,24.6,0,44.5
30/06/2023,2023,6,30,21.4,19.1,23.6,0,53.7
07/01/2023,2023,7,1,21.4,18.8,25,0.8,38.9
07/02/2023,2023,7,2,22.3,16.3,25.1,0,33.3
07/03/2023,2023,7,3,22.7,21,25.1,0,42.6
07/04/2023,2023,7,4,22.7,20,25.1,1.8,51.8
07/05/2023,2023,7,5,23,18.9,26.7,1,44.5
07/06/2023,2023,7,6,23.1,20.8,26.6,1.1,33.3
07/07/2023,2023,7,7,22.6,19.3,25.5,3.3,40.8
07/08/2023,2023,7,8,23.4,21.7,25.5,3,50
07/09/2023,2023,7,9,23.6,20.2,26.2,0.5,48.2
07/10/2023,2023,7,10,21.9,20,25.6,1,35.2
07/11/2023,2023,7,11,21.9,18.1,26.5,0,25.9
07/12/2023,2023,7,12,21.7,18.4,26.9,0.3,14.8
13/07/2023,2023,7,13,21.1,16.7,25.4,0,24.1
14/07/2023,2023,7,14,22.7,17.4,25.6,0,33.3
15/07/2023,2023,7,15,23.6,21.9,25.6,0,44.5
16/07/2023,2023,7,16,23.6,21.8,26.4,0,46.3
17/07/2023,2023,7,17,22.6,20.1,26.1,55.9,53.7
18/07/2023,2023,7,18,23.5,22,25.6,0.7,50
19/07/2023,2023,7,19,23.3,22.4,24.9,14.4,50
20/07/2023,2023,7,20,22.3,20.5,26.2,4.1,38.9
21/07/2023,2023,7,21,22.4,16.8,26,0,27.8
22/07/2023,2023,7,22,23.3,21.9,26.1,0,46.3
23/07/2023,2023,7,23,22,19.4,24.3,11.9,50
24/07/2023,2023,7,24,22.9,21.4,25,5,44.5
25/07/2023,2023,7,25,22.9,21,26.6,1,31.5
26/07/2023,2023,7,26,21.8,18.4,25.6,3,20.4
27/07/2023,2023,7,27,22.3,17.9,25.5,3,33.3
28/07/2023,2023,7,28,22.8,19.5,25.4,0,37
29/07/2023,2023,7,29,23.1,19.4,25.5,0,38.9
30/07/2023,2023,7,30,22.7,21.5,25.2,0.8,40.8
31/07/2023,2023,7,31,23.2,19.4,25.5,0,44.5
08/01/2023,2023,8,1,23.6,21.8,26.5,0.5,42.6
08/02/2023,2023,8,2,22.7,20.5,24.6,3,38.9
08/03/2023,2023,8,3,23.4,20.3,26,5.1,40.8
08/04/2023,2023,8,4,22.2,20.3,25.4,3,55.5
08/05/2023,2023,8,5,22.2,19.5,24.8,9.5,57.4
08/06/2023,2023,8,6,21.8,20,23.5,3,57.4
08/07/2023,2023,8,7,22.8,19.5,25.4,5.1,51.8
08/08/2023,2023,8,8,22.6,21.9,25,0.8,48.2
08/09/2023,2023,8,9,22.6,18.6,26.2,0,40.8
08/10/2023,2023,8,10,22.1,19.8,25.8,0,38.9
08/11/2023,2023,8,11,23,18.9,26.7,0.2,31.5
08/12/2023,2023,8,12,23.4,21,26.5,15,48.2
13/08/2023,2023,8,13,23.7,21.3,26.6,6.1,46.3
14/08/2023,2023,8,14,23.3,21.4,26.4,0.8,48.2
15/08/2023,2023,8,15,23.8,21,27.3,0,42.6
16/08/2023,2023,8,16,22.4,19.6,26.5,2,33.3
17/08/2023,2023,8,17,22,17.8,26.5,0,20.4
18/08/2023,2023,8,18,22.3,19.4,26.3,0,29.6
19/08/2023,2023,8,19,21.7,17.2,27.4,0.1,25.9
20/08/2023,2023,8,20,21.8,17,26.6,0,24.1
21/08/2023,2023,8,21,22.7,16.5,26.6,0,24.1
22/08/2023,2023,8,22,22.9,20.7,26.1,0,38.9
23/08/2023,2023,8,23,22.9,20.4,25.6,20.1,55.5
24/08/2023,2023,8,24,23.1,20.6,25.4,0.8,48.2
25/08/2023,2023,8,25,23.7,21.2,26.9,0.3,48.2
26/08/2023,2023,8,26,23.8,21,27.2,0,50
27/08/2023,2023,8,27,23.6,22,26.4,5.3,50
28/08/2023,2023,8,28,23.1,20.9,27,5.5,40.8
29/08/2023,2023,8,29,23.1,18.9,26.4,5.6,38.9
30/08/2023,2023,8,30,21.7,20.4,23.5,0,40.8
31/08/2023,2023,8,31,22.3,19.8,25.1,7.1,40.8
09/01/2023,2023,9,1,23.5,18.8,26.7,0,38.9
09/02/2023,2023,9,2,22.6,20.3,25.4,3,50
09/03/2023,2023,9,3,23.8,22,26.6,3.9,50
09/04/2023,2023,9,4,22.9,20.3,25.5,3.8,48.2
09/05/2023,2023,9,5,23.2,19.7,26.3,1,40.8
09/06/2023,2023,9,6,22.4,18.7,26.8,0,31.5
09/07/2023,2023,9,7,22.1,19,27,0,29.6
09/08/2023,2023,9,8,22.1,16.9,27,0,24.1
09/09/2023,2023,9,9,23.3,17.6,26.5,0,29.6
09/10/2023,2023,9,10,24.1,22.5,26.5,1.2,29.6
09/11/2023,2023,9,11,23.7,20.8,26.4,0.5,37
09/12/2023,2023,9,12,23.1,21.6,25.6,5,37
13/09/2023,2023,9,13,22.8,19.5,25.6,3,31.5
14/09/2023,2023,9,14,22.6,19.2,26.6,0.5,29.6
15/09/2023,2023,9,15,23.6,19.5,26.3,0.3,31.5
16/09/2023,2023,9,16,23.9,22.4,27,0,37
17/09/2023,2023,9,17,23.7,20.2,27.1,0.8,35.2
18/09/2023,2023,9,18,23.7,21.8,27.2,2,35.2
19/09/2023,2023,9,19,23.9,21.6,26.7,6.7,37
20/09/2023,2023,9,20,24.7,21.4,27.5,0.3,38.9
21/09/2023,2023,9,21,24.4,22.9,27.1,0,38.9
22/09/2023,2023,9,22,23.7,22.1,26.7,0,35.2
23/09/2023,2023,9,23,23.6,17.7,27.7,0,42.6
24/09/2023,2023,9,24,24,21.2,26.6,0,44.5
25/09/2023,2023,9,25,23.2,21.4,26.7,0,35.2
26/09/2023,2023,9,26,23.7,21.5,26.5,8.2,38.9
27/09/2023,2023,9,27,24.1,20.1,26.5,0.8,37
28/09/2023,2023,9,28,23.4,22,26,0,38.9
29/09/2023,2023,9,29,24.2,21,26.6,0.8,37
30/09/2023,2023,9,30,23.9,21.1,27.4,2,38.9
10/01/2023,2023,10,1,24.4,21.2,28.3,0,38.9
10/02/2023,2023,10,2,24.3,22.4,28,1,37
10/03/2023,2023,10,3,24.2,19.3,28.8,0,27.8
10/04/2023,2023,10,4,23.4,21,26.5,1,33.3
10/05/2023,2023,10,5,23.5,22,25.5,2.8,33.3
10/06/2023,2023,10,6,23.8,21,26.2,0,38.9
10/07/2023,2023,10,7,24,21,27.2,0,37
10/08/2023,2023,10,8,24.5,22.4,27.5,3.7,35.2
10/09/2023,2023,10,9,24.1,19.9,29,0.8,35.2
10/10/2023,2023,10,10,23.8,18.5,28.3,0,33.3
10/11/2023,2023,10,11,23.5,20.2,29,0,25.9
10/12/2023,2023,10,12,23.5,18.6,28,0,24.1
13/10/2023,2023,10,13,23.9,21.6,26.7,0,29.6
14/10/2023,2023,10,14,22.9,21,26.4,0,29.6
15/10/2023,2023,10,15,23,18.1,27.7,0,37
16/10/2023,2023,10,16,24.1,18.5,28.5,0,37
17/10/2023,2023,10,17,24.5,20.4,28.5,0,33.3
18/10/2023,2023,10,18,25.5,22.1,29.6,0.4,35.2
19/10/2023,2023,10,19,25.4,23.8,28.1,4.1,35.2
20/10/2023,2023,10,20,25.2,20.9,30.4,0,37
21/10/2023,2023,10,21,25,19.5,28.9,0,25.9
22/10/2023,2023,10,22,25,23.6,27.6,0,29.6
23/10/2023,2023,10,23,25.6,20.6,30,0,38.9
24/10/2023,2023,10,24,26.1,22,30.1,0,40.8
25/10/2023,2023,10,25,26.2,22.5,31,0,38.9
26/10/2023,2023,10,26,25.5,22.6,30.5,0.1,38.9
27/10/2023,2023,10,27,23.9,20.9,29.7,4.1,33.3
28/10/2023,2023,10,28,24.4,22.3,29.1,17,27.8
29/10/2023,2023,10,29,25.2,20.5,28.5,3,31.5
30/10/2023,2023,10,30,25.5,21,28.5,2.2,31.5
31/10/2023,2023,10,31,26.1,23.7,29.6,0,35.2
11/01/2023,2023,11,1,25.7,22.1,29.5,2.4,37
11/02/2023,2023,11,2,26.1,22,29.7,11.9,42.6
11/03/2023,2023,11,3,25.8,23,30.3,0,37
11/04/2023,2023,11,4,25.2,21.5,28.6,0,31.5
11/05/2023,2023,11,5,24.9,22,28.5,0.3,25.9
11/06/2023,2023,11,6,24,22.2,26.9,5.6,35.2
11/07/2023,2023,11,7,24.4,21.1,27.6,6.1,33.3
11/08/2023,2023,11,8,23.1,20.6,28,204,33.3
11/09/2023,2023,11,9,25.3,20,29,8.9,35.2
11/10/2023,2023,11,10,25.9,23.2,29.3,0.3,40.8
11/11/2023,2023,11,11,24.1,22.4,27.8,16.5,27.8
11/12/2023,2023,11,12,24.7,22.4,27.7,1.1,31.5
13/11/2023,2023,11,13,24,19.5,27.2,1.5,25.9
14/11/2023,2023,11,14,24.6,20.9,28.1,0,27.8
15/11/2023,2023,11,15,23.9,22.5,25.6,45,37
16/11/2023,2023,11,16,23.8,22.5,26.9,2,27.8
17/11/2023,2023,11,17,25.5,21.6,28.3,27.9,25.9
18/11/2023,2023,11,18,25.3,23.4,27.6,1.2,31.5
19/11/2023,2023,11,19,24.8,19.7,27.6,0,27.8
20/11/2023,2023,11,20,26.2,23.5,29,1,33.3
21/11/2023,2023,11,21,26.8,23.3,29.5,15,31.5
22/11/2023,2023,11,22,26,24.4,29.5,0.5,33.3
23/11/2023,2023,11,23,25.6,22.2,29.1,4.1,33.3
24/11/2023,2023,11,24,25.8,21.9,28.2,3,40.8
25/11/2023,2023,11,25,25.3,23.4,28.6,0.3,40.8
26/11/2023,2023,11,26,25,21.8,28.5,2,37
27/11/2023,2023,11,27,26,22.4,29,0.8,29.6
28/11/2023,2023,11,28,25.5,22.6,29.2,0,31.5
29/11/2023,2023,11,29,25.7,21.7,29.6,1,37
30/11/2023,2023,11,30,26.2,21.6,29.6,0,37
12/01/2023,2023,12,1,25.3,23,29.4,0,35.2
12/02/2023,2023,12,2,24.1,22,28.1,3,31.5
12/03/2023,2023,12,3,24.4,22.6,26.6,25.9,27.8
12/04/2023,2023,12,4,24.8,22.1,27.8,7.9,27.8
12/05/2023,2023,12,5,25.5,20.8,28.3,0,25.9
12/06/2023,2023,12,6,26.5,22.9,30.1,0,29.6
12/07/2023,2023,12,7,26.3,23,29.5,41.9,25.9
12/08/2023,2023,12,8,26.6,24.5,29.5,3,29.6
12/09/2023,2023,12,9,26.6,23.3,30.2,0,27.8
12/10/2023,2023,12,10,26.3,24.8,28.6,7.5,35.2
12/11/2023,2023,12,11,26.6,24.5,29.4,0,31.5
12/12/2023,2023,12,12,26.3,24.5,28.6,2.3,29.6
13/12/2023,2023,12,13,27.2,23.7,30.6,0.8,33.3
14/12/2023,2023,12,14,27.4,24,30.6,4.1,35.2
15/12/2023,2023,12,15,27.3,24.4,30.1,2,33.3
16/12/2023,2023,12,16,27.1,24.6,29.9,1.8,31.5
17/12/2023,2023,12,17,26.9,24.4,29.7,1.1,35.2
18/12/2023,2023,12,18,27.3,24.7,31,11.9,37
19/12/2023,2023,12,19,24.4,22.9,29.1,5.1,37
20/12/2023,2023,12,20,26.6,22.2,30.3,84.1,31.5
21/12/2023,2023,12,21,27.6,23.1,31.4,0,35.2
22/12/2023,2023,12,22,27.1,25.4,30.4,4.1,24.1
23/12/2023,2023,12,23,26.2,23,31.4,0.3,24.1
24/12/2023,2023,12,24,27.1,23.5,31.1,3,27.8
25/12/2023,2023,12,25,26.3,23.4,31,2,22.2
26/12/2023,2023,12,26,25.7,22.8,29.7,2,25.9
27/12/2023,2023,12,27,25.4,20.4,30.1,0,25.9
28/12/2023,2023,12,28,26.9,20.9,30.5,0,27.8
29/12/2023,2023,12,29,27.4,23.5,30.6,0,31.5
30/12/2023,2023,12,30,27,24.8,31,0,29.6
31/12/2023,2023,12,31,25.7,23.3,28.1,27.9,29.6
01/01/2024,2024,1,1,26.8,24.7,29.6,15,35.2
01/02/2024,2024,1,2,25.9,23.1,29.7,13,33.3
01/03/2024,2024,1,3,28.7,24,32.6,16,35.2
01/04/2024,2024,1,4,29.8,25.4,33.6,1,35.2
01/05/2024,2024,1,5,28.8,26.7,31.6,11.6,25.9
01/06/2024,2024,1,6,27.3,25.1,30.4,5.1,22.2
01/07/2024,2024,1,7,27.3,24.8,30.3,39.1,27.8
01/08/2024,2024,1,8,27.6,23.7,30.4,0,27.8
01/09/2024,2024,1,9,27.6,25,30.4,3,25.9
01/10/2024,2024,1,10,27.2,24.3,29.1,9.9,29.6
01/11/2024,2024,1,11,28.1,26.4,30.7,3,31.5
01/12/2024,2024,1,12,27.9,25.8,31.1,12.6,33.3
13/01/2024,2024,1,13,27.7,25.9,30.4,14.8,40.8
14/01/2024,2024,1,14,27.4,25.2,29.4,13.8,44.5
15/01/2024,2024,1,15,26.6,24.3,28.5,17,70.4
16/01/2024,2024,1,16,26.3,23.3,28.3,143,77.8
17/01/2024,2024,1,17,26.8,25,29.6,0.2,40.8
18/01/2024,2024,1,18,26.3,24,29.6,0.6,31.5
19/01/2024,2024,1,19,26.7,24.4,30,2,27.8
20/01/2024,2024,1,20,27.1,24.1,30.5,0,25.9
21/01/2024,2024,1,21,27.9,23.6,31.2,0,25.9
22/01/2024,2024,1,22,28,26.4,30.5,11.2,33.3
23/01/2024,2024,1,23,28.2,26.8,30.6,6.1,33.3
24/01/2024,2024,1,24,27.6,26.1,29.6,11.9,31.5
25/01/2024,2024,1,25,27.4,26,31.5,11.9,53.7
26/01/2024,2024,1,26,27.1,25.3,30.2,2,35.2
27/01/2024,2024,1,27,27.2,25.4,30.2,1,27.8
28/01/2024,2024,1,28,27.7,25.2,31.1,36.1,27.8
29/01/2024,2024,1,29,27.3,24,31,71.9,27.8
30/01/2024,2024,1,30,27.1,24.3,30.5,32,27.8
31/01/2024,2024,1,31,28,25.2,30.4,0.3,29.6
02/01/2024,2024,2,1,27.9,25.9,30.5,16.6,40.8
02/02/2024,2024,2,2,26.8,24.8,29.2,1,40.8
02/03/2024,2024,2,3,26.7,25.1,29.4,0,35.2
02/04/2024,2024,2,4,25.8,23.2,29.2,0,29.6
02/05/2024,2024,2,5,25.6,20.7,29.3,0.5,29.6
02/06/2024,2024,2,6,25.9,20.9,29.4,0,31.5
02/07/2024,2024,2,7,27.6,23.5,30.6,6.1,35.2
02/08/2024,2024,2,8,27.7,24.4,30.6,5.1,33.3
02/09/2024,2024,2,9,27.4,25.4,30.8,0,40.8
02/10/2024,2024,2,10,27.1,24.4,30.7,8.9,40.8
02/11/2024,2024,2,11,27.5,26.1,30.1,11.9,38.9
02/12/2024,2024,2,12,28.2,24.9,31.1,10.9,35.2
13/02/2024,2024,2,13,28.4,26.4,30.6,0,33.3
14/02/2024,2024,2,14,28.3,26.4,30.9,0,31.5
15/02/2024,2024,2,15,28.4,26.8,31,4.6,31.5
16/02/2024,2024,2,16,28.1,26.4,30.6,2,29.6
17/02/2024,2024,2,17,27.7,26.7,30.1,0,37
18/02/2024,2024,2,18,27.1,23.9,30,6.5,37
19/02/2024,2024,2,19,26.6,24,29.9,0.8,37
20/02/2024,2024,2,20,25.7,22.6,28.6,17.1,40.8
21/02/2024,2024,2,21,27.3,23.5,29.6,5.7,44.5
22/02/2024,2024,2,22,25.7,22.7,26.8,37.1,57.4
23/02/2024,2024,2,23,27.3,24.9,30.9,4.7,31.5
24/02/2024,2024,2,24,27.1,24.4,31.6,0,25.9
25/02/2024,2024,2,25,27.1,25.3,29.6,0.8,31.5
26/02/2024,2024,2,26,26.8,24.9,29.2,7.1,37
27/02/2024,2024,2,27,26.7,25.3,29.5,3,35.2
28/02/2024,2024,2,28,26.3,20.6,29.6,0,29.6
29/02/2024,2024,2,29,26.8,24.1,29.6,0,29.6
03/01/2024,2024,3,1,26.2,24.6,29,0,31.5
03/02/2024,2024,3,2,27,24.8,29.4,0.3,37
03/03/2024,2024,3,3,27.5,25,30.8,4.1,38.9
03/04/2024,2024,3,4,27.5,25.6,31.3,1,33.3
03/05/2024,2024,3,5,27.2,24.6,30.4,99.1,31.5
03/06/2024,2024,3,6,26.8,25.1,29.6,0.3,35.2
03/07/2024,2024,3,7,26.7,24,29.4,0,35.2
03/08/2024,2024,3,8,26.3,23.4,29.6,7.1,35.2
03/09/2024,2024,3,9,26.2,22.8,29.5,31,33.3
03/10/2024,2024,3,10,27.4,24.3,30.6,17,33.3
03/11/2024,2024,3,11,27.7,26.4,30.5,0,35.2
03/12/2024,2024,3,12,27.1,25,29.5,5.1,33.3
13/03/2024,2024,3,13,26.3,23.9,29.2,5.1,38.9
14/03/2024,2024,3,14,26.9,25,30.1,2,37
15/03/2024,2024,3,15,27.4,24.9,30.4,0.5,37
16/03/2024,2024,3,16,26.5,24.6,30.1,0.5,37
17/03/2024,2024,3,17,27.1,24,30.4,2,35.2
18/03/2024,2024,3,18,27,24.8,30.4,0,35.2
19/03/2024,2024,3,19,27.4,24.5,30.7,0,35.2
20/03/2024,2024,3,20,27.1,24.6,30,0,35.2
21/03/2024,2024,3,21,27.4,25.1,30.6,1.6,33.3
22/03/2024,2024,3,22,27.5,23.1,30.5,0.3,27.8
23/03/2024,2024,3,23,27.3,25.7,30.6,0,35.2
24/03/2024,2024,3,24,26.6,25.1,29.9,0.8,44.5
25/03/2024,2024,3,25,24.9,22.9,26.1,11.9,48.2
26/03/2024,2024,3,26,25.7,23.7,28,0.3,40.8
27/03/2024,2024,3,27,25.5,23,28.4,0.9,35.2
28/03/2024,2024,3,28,26,24,29,0.6,33.3
29/03/2024,2024,3,29,26.5,24,30,1,29.6
30/03/2024,2024,3,30,26.5,25,28,9,25.9
31/03/2024,2024,3,31,25.5,23,28,20,27.8
04/01/2024,2024,4,1,25.3,23,29.2,16.2,29.6
04/02/2024,2024,4,2,25.5,23.9,27,16.3,42.6
04/03/2024,2024,4,3,25.7,24.8,27.1,0.5,42.6
04/04/2024,2024,4,4,25.4,22.1,27.9,34,33.3
04/05/2024,2024,4,5,26.2,22,30.3,1,33.3
04/06/2024,2024,4,6,26.7,21.9,30.7,0,27.8
04/07/2024,2024,4,7,27.1,24.4,30.4,0,25.9
04/08/2024,2024,4,8,25.9,23.5,29.6,0,22.2
04/09/2024,2024,4,9,26.3,24,29,34,25.9
04/10/2024,2024,4,10,26.1,22.1,29.4,0,29.6
04/11/2024,2024,4,11,26.9,23.7,30.6,1,33.3
04/12/2024,2024,4,12,27.4,23.3,31.5,0.8,29.6
13/04/2024,2024,4,13,26.8,25.1,30.5,1,31.5
14/04/2024,2024,4,14,26.3,22.9,30.2,0,29.6
15/04/2024,2024,4,15,25.8,22,29.7,0,25.9
16/04/2024,2024,4,16,25.2,24,26.5,14,37
17/04/2024,2024,4,17,24.8,23.9,26,5.5,40.8
18/04/2024,2024,4,18,25.5,24,27.8,0.7,38.9
19/04/2024,2024,4,19,25.1,22.1,28.4,4.1,37
20/04/2024,2024,4,20,24.4,23,26.6,2.6,35.2
21/04/2024,2024,4,21,25.3,22.6,29.4,69.1,29.6
22/04/2024,2024,4,22,26.7,22.9,30.5,5.1,27.8
23/04/2024,2024,4,23,26.2,22.5,29.5,0,24.1
24/04/2024,2024,4,24,26.8,24.9,30,4.4,31.5
25/04/2024,2024,4,25,26.6,25,29.5,0.3,29.6
26/04/2024,2024,4,26,27,23.6,30.1,0.5,31.5
27/04/2024,2024,4,27,26.5,24.7,29.9,0.3,31.5
28/04/2024,2024,4,28,26.1,22.8,29.2,0.8,24.1
29/04/2024,2024,4,29,26.1,24.9,28.7,0,31.5
30/04/2024,2024,4,30,25.8,24,29,3,35.2
05/01/2024,2024,5,1,25.5,24,28,0.1,29.6
05/02/2024,2024,5,2,25.8,23,29.6,0,29.6
05/03/2024,2024,5,3,25.5,23,29.5,0.8,27.8
05/04/2024,2024,5,4,24.8,22.4,28,4.1,33.3
05/05/2024,2024,5,5,24.2,22.2,26.6,11.7,42.6
05/06/2024,2024,5,6,24.6,22,26.6,7.8,40.8
05/07/2024,2024,5,7,25.5,24.4,27.4,3.8,42.6
05/08/2024,2024,5,8,25.1,24.1,26.9,0,46.3
05/09/2024,2024,5,9,25.3,22.9,27.4,0.8,44.5
05/10/2024,2024,5,10,25.4,23.9,28,0,42.6
05/11/2024,2024,5,11,25.6,23.6,27.6,0.3,38.9
05/12/2024,2024,5,12,25.1,23.6,27.7,0,38.9
13/05/2024,2024,5,13,25.2,23,28,4.1,33.3
14/05/2024,2024,5,14,24.5,23.1,26.6,1.8,33.3
15/05/2024,2024,5,15,24.3,22.6,26.8,0,38.9
16/05/2024,2024,5,16,23.9,22.4,26.1,0.5,46.3
17/05/2024,2024,5,17,24.3,22,26.4,1,38.9
18/05/2024,2024,5,18,24.4,22.6,28.5,0,33.3
19/05/2024,2024,5,19,23.8,19.9,27.4,0.5,24.1
20/05/2024,2024,5,20,24.4,22.7,26.6,2.3,31.5
21/05/2024,2024,5,21,23.6,21.2,26.1,7.9,51.8
22/05/2024,2024,5,22,23,20.9,24.7,2.2,48.2
23/05/2024,2024,5,23,22.9,20.5,25.1,2,44.5
24/05/2024,2024,5,24,21.7,20.1,23.5,9.9,40.8
25/05/2024,2024,5,25,22,21,23.6,8.3,37
26/05/2024,2024,5,26,24.3,21.6,26.9,5.1,29.6
27/05/2024,2024,5,27,23.8,21.6,26.5,25.9,31.5
28/05/2024,2024,5,28,24.3,22.4,26.6,3,35.2
29/05/2024,2024,5,29,24.3,23.3,25.3,14.8,37
30/05/2024,2024,5,30,23.9,22.9,26,3,40.8
31/05/2024,2024,5,31,24.1,22.7,26.2,1,42.6
06/01/2024,2024,6,1,24,23,26.4,0.5,37
06/02/2024,2024,6,2,23,20.7,26.5,5.1,31.5
06/03/2024,2024,6,3,22.4,17.4,25.6,0,29.6
06/04/2024,2024,6,4,22.9,21.2,25.6,9,38.9
06/05/2024,2024,6,5,23,21.6,25.5,2,38.9
06/06/2024,2024,6,6,23,20.1,25.4,1,35.2
06/07/2024,2024,6,7,23.6,21.7,26.5,0,38.9
06/08/2024,2024,6,8,23.8,20.9,26.4,0.5,35.2
06/09/2024,2024,6,9,22.7,21.4,25.5,3,31.5
06/10/2024,2024,6,10,24,22.4,25.6,3.5,35.2
06/11/2024,2024,6,11,24.4,23.5,26.6,0.3,38.9
06/12/2024,2024,6,12,24.3,22.5,27.2,0.3,44.5
13/06/2024,2024,6,13,24.4,22.6,26.4,1,53.7
14/06/2024,2024,6,14,24.4,22.8,26.5,0.8,46.3
15/06/2024,2024,6,15,24.8,23.3,27.2,0,40.8
16/06/2024,2024,6,16,24.1,22.9,27.5,14.2,29.6
17/06/2024,2024,6,17,23,20.9,25.3,3,31.5
18/06/2024,2024,6,18,22.8,19.5,25.7,0,31.5
19/06/2024,2024,6,19,22.5,20.6,23.7,0,37
20/06/2024,2024,6,20,23.6,21,26,2.5,37
21/06/2024,2024,6,21,22.8,21,25.6,0.5,37
22/06/2024,2024,6,22,21.7,20.4,23.6,7,38.9
23/06/2024,2024,6,23,22.4,19.7,24.3,24.9,40.8
24/06/2024,2024,6,24,23.7,22.5,26.5,0,37
25/06/2024,2024,6,25,23.4,20.7,26.1,0.8,40.8
26/06/2024,2024,6,26,23.3,21.6,25.5,1.4,38.9
27/06/2024,2024,6,27,21.9,20.3,23.7,0.9,37
28/06/2024,2024,6,28,21.1,20,23.1,1,40.8
29/06/2024,2024,6,29,22.4,19.2,24.7,3,35.2
30/06/2024,2024,6,30,22.8,20.9,25,1.6,33.3
07/01/2024,2024,7,1,21.2,19.5,23.5,14.1,35.2
07/02/2024,2024,7,2,21.4,19.2,24.6,6.9,33.3
07/03/2024,2024,7,3,22.2,20,25.2,0,35.2
07/04/2024,2024,7,4,22.1,19,25.2,4.1,38.9
07/05/2024,2024,7,5,22.2,20.4,24.5,0,38.9
07/06/2024,2024,7,6,21.6,19.5,26.3,1.5,33.3
07/07/2024,2024,7,7,21.9,17.4,26,0,27.8
07/08/2024,2024,7,8,22.5,18.9,25.3,0,29.6
07/09/2024,2024,7,9,21.6,17.8,25,0,29.6
07/10/2024,2024,7,10,21.8,15.6,25.2,0,29.6
07/11/2024,2024,7,11,22.6,20,26,1,37
07/12/2024,2024,7,12,23.3,20.5,25.5,5.1,42.6
13/07/2024,2024,7,13,22.3,20.7,24.3,0,42.6
14/07/2024,2024,7,14,22.6,20.6,24.6,1,38.9
15/07/2024,2024,7,15,22.9,19.8,25.7,0,44.5
16/07/2024,2024,7,16,22.8,21.2,24.5,3.4,38.9
17/07/2024,2024,7,17,22.3,19.5,25.4,2,38.9
18/07/2024,2024,7,18,21.1,16.8,25.4,0.5,25.9
19/07/2024,2024,7,19,21.2,17.9,24.5,0.3,27.8
20/07/2024,2024,7,20,21.8,18,26,0,25.9
21/07/2024,2024,7,21,21,17.2,25.6,0.4,29.6
22/07/2024,2024,7,22,21.4,16.4,26.4,0,25.9
23/07/2024,2024,7,23,22.1,16.4,26.5,0,24.1
24/07/2024,2024,7,24,22.6,20.4,25.7,0,29.6
25/07/2024,2024,7,25,22.8,17.9,26.6,0,31.5
26/07/2024,2024,7,26,22.2,18.7,26.6,0,29.6
27/07/2024,2024,7,27,21.3,16,25.5,0,24.1
28/07/2024,2024,7,28,21.3,17.1,25.6,0,27.8
29/07/2024,2024,7,29,21.2,17.2,25.6,0,25.9
30/07/2024,2024,7,30,21.4,17.9,25.3,0,27.8
31/07/2024,2024,7,31,20.9,16.7,25,0,27.8
08/01/2024,2024,8,1,20.7,16,25.3,0,20.4
08/02/2024,2024,8,2,21.5,18,25.4,0,35.2
08/03/2024,2024,8,3,20.9,18,23.3,4.1,31.5
08/04/2024,2024,8,4,20.6,16.3,25.1,0.5,25.9
08/05/2024,2024,8,5,19.8,15.4,25.2,0,29.6
08/06/2024,2024,8,6,21.4,16.9,25.5,0.3,22.2
08/07/2024,2024,8,7,21,16.2,24.8,0,25.9
08/08/2024,2024,8,8,23,21.4,26.1,0,29.6
08/09/2024,2024,8,9,22.9,21.1,25.5,1.8,35.2
08/10/2024,2024,8,10,23.1,20.6,25.5,1,38.9
08/11/2024,2024,8,11,23.1,19.8,25.7,4.1,42.6
08/12/2024,2024,8,12,23.4,22,27,2,42.6
13/08/2024,2024,8,13,23.1,21,26.1,0,35.2
14/08/2024,2024,8,14,22.6,20.1,25.4,0,46.3
15/08/2024,2024,8,15,23,20.7,26.1,4.9,35.2
16/08/2024,2024,8,16,23,20.2,26,1,31.5
17/08/2024,2024,8,17,23.2,21.6,26,0.3,35.2
18/08/2024,2024,8,18,22.1,19.5,24.4,4.1,51.8
19/08/2024,2024,8,19,21.3,19.4,22.5,3.4,46.3
20/08/2024,2024,8,20,21.3,18.8,23.8,0.5,53.7
21/08/2024,2024,8,21,21.7,19.5,24,0.8,48.2
22/08/2024,2024,8,22,21.9,19.6,24.6,0,48.2
23/08/2024,2024,8,23,21.2,18.6,25.2,6.1,33.3
24/08/2024,2024,8,24,21.8,19,25.4,0.5,44.5
25/08/2024,2024,8,25,21.6,19.5,24.6,0.3,48.2
26/08/2024,2024,8,26,21.2,19.2,23.6,1.3,46.3
27/08/2024,2024,8,27,21.3,19,24.7,0,46.3
28/08/2024,2024,8,28,22,19,25.5,1,46.3
29/08/2024,2024,8,29,22.1,19.7,26,1,42.6
30/08/2024,2024,8,30,22.4,19.4,25.7,2,40.8
31/08/2024,2024,8,31,21.9,20.2,24.5,1,37
09/01/2024,2024,9,1,22.5,19.3,25.7,0,35.2
09/02/2024,2024,9,2,22.6,20,25.9,0.5000000000000142,37
09/03/2024,2024,9,3,22.9,20.4,26,0.3,42.6
09/04/2024,2024,9,4,23.4,21.3,27,1,38.9
09/05/2024,2024,9,5,23.2,22,25.7,0,40.8
09/06/2024,2024,9,6,22.9,21,26.2,1,40.8
09/07/2024,2024,9,7,23.1,21.5,25.5,0,33.3
09/08/2024,2024,9,8,22.7,20.5,25.3,0.3,40.8
09/09/2024,2024,9,9,22.7,20.2,26,0.8,35.2
09/10/2024,2024,9,10,23.2,20.9,25.6,4,31.5
09/11/2024,2024,9,11,22.5,19.8,26.1,0,29.6
09/12/2024,2024,9,12,21.9,18.5,26.2,0,20.4
13/09/2024,2024,9,13,21.6,17,26.7,5,35.2
14/09/2024,2024,9,14,21.6,19.9,23.5,0.3,42.6
15/09/2024,2024,9,15,21.8,20,24.1,0,46.3
16/09/2024,2024,9,16,22.6,20.5,25.8,0,40.8
17/09/2024,2024,9,17,23,20,26,0,33.3
18/09/2024,2024,9,18,22.9,20.7,25.6,0,31.5
19/09/2024,2024,9,19,23,21.5,26.7,3.7,37
20/09/2024,2024,9,20,22.9,20.4,26,0,31.5
21/09/2024,2024,9,21,23.7,20.4,27.5,0,37
22/09/2024,2024,9,22,23.4,21,27.4,0.3,35.2
23/09/2024,2024,9,23,22.9,18.9,26.2,0,29.6
24/09/2024,2024,9,24,23.3,20.9,26.1,0,35.2
25/09/2024,2024,9,25,23.6,21.2,26.4,0,37
26/09/2024,2024,9,26,22.9,20.3,26.3,0.3,40.8
27/09/2024,2024,9,27,23.2,20.3,25.6,5.1,38.9
28/09/2024,2024,9,28,23.7,21.4,26.6,1.7,33.3
29/09/2024,2024,9,29,23.2,20,27.2,2,31.5
30/09/2024,2024,9,30,23.8,21.1,27,0,38.9
10/01/2024,2024,10,1,23.7,22.2,27.7,0,38.9
10/02/2024,2024,10,2,22.9,20.6,26.6,1,29.6
10/03/2024,2024,10,3,21.9,20,24.4,0,25.9
10/04/2024,2024,10,4,22.7,19.4,26,9.3,38.9
10/05/2024,2024,10,5,22.4,21.5,25,0,44.5
10/06/2024,2024,10,6,22.7,20.7,25.1,0,37
10/07/2024,2024,10,7,23.1,21.5,25.6,2.7,33.3
10/08/2024,2024,10,8,23.3,20.5,26.1,3,33.3
10/09/2024,2024,10,9,23.4,21.6,26.1,1,35.2
10/10/2024,2024,10,10,23.4,21.6,26.1,0,38.9
10/11/2024,2024,10,11,23.6,22,26.1,0,42.6
10/12/2024,2024,10,12,23.1,21.9,26,0,42.6
13/10/2024,2024,10,13,23,20,25,0,46.3
14/10/2024,2024,10,14,23.4,21,25.7,7.1,40.8
15/10/2024,2024,10,15,21.4,19.5,23.8,26.9,37
16/10/2024,2024,10,16,23.4,20.6,27.6,5.1,37
17/10/2024,2024,10,17,23.7,19.6,27.7,0,33.3
18/10/2024,2024,10,18,24,21.5,27.5,1.3,29.6
19/10/2024,2024,10,19,24.1,20.4,27.2,0,35.2
20/10/2024,2024,10,20,24.2,21.8,27.1,0,33.3
21/10/2024,2024,10,21,23.9,21.5,26.6,1,33.3
22/10/2024,2024,10,22,23.9,22.5,26,0.8,38.9
23/10/2024,2024,10,23,23.9,22.4,26.8,0.5,42.6
24/10/2024,2024,10,24,24.1,22.4,27.4,0,42.6
25/10/2024,2024,10,25,23.9,22.4,26.2,2,38.9
26/10/2024,2024,10,26,24.3,22.4,26.9,5.1,37
27/10/2024,2024,10,27,24.9,23.4,28.8,6.1,38.9
28/10/2024,2024,10,28,25.2,21.3,28.8,4.1,27.8
29/10/2024,2024,10,29,24.9,22.2,27.6,0,29.6
30/10/2024,2024,10,30,24.3,22.9,27.1,0,33.3
31/10/2024,2024,10,31,24.6,21.8,27.5,0,35.2
11/01/2024,2024,11,1,22.9,20.9,27.5,2,35.2
11/02/2024,2024,11,2,24.5,20.1,27.3,2,33.3
11/03/2024,2024,11,3,24.9,22.5,27.5,3.1,33.3
11/04/2024,2024,11,4,24.6,22.2,27.3,0.8,31.5
11/05/2024,2024,11,5,23.7,19.4,28,0,25.9
11/06/2024,2024,11,6,25.2,20.9,28,0,33.3
11/07/2024,2024,11,7,25.1,22.9,28.1,2,37
11/08/2024,2024,11,8,25.2,23,27.7,0,37
11/09/2024,2024,11,9,25.8,23.6,28.6,0.2,33.3
11/10/2024,2024,11,10,26.1,23.3,29.2,0,33.3
11/11/2024,2024,11,11,26,24.2,29,0,37
11/12/2024,2024,11,12,25.4,23.4,28.2,0,35.2
13/11/2024,2024,11,13,25.2,22.8,28.1,0,33.3
14/11/2024,2024,11,14,25.8,21,29.4,0,31.5
15/11/2024,2024,11,15,25.9,23.4,28.8,0,33.3
16/11/2024,2024,11,16,25.8,23.7,28.6,0,33.3
17/11/2024,2024,11,17,25.8,23.7,28.6,0.5,37
18/11/2024,2024,11,18,25.6,24,28,1,35.2
19/11/2024,2024,11,19,25.8,24,28,11.4,35.2
20/11/2024,2024,11,20,25.6,24,28,20.5,42.6
21/11/2024,2024,11,21,26.4,24,32,4.3,44.5
22/11/2024,2024,11,22,24.9,23.5,27,80,40.8
23/11/2024,2024,11,23,25.9,23,29.2,39.9,38.9
24/11/2024,2024,11,24,25.6,23.4,28.6,0.8,35.2
25/11/2024,2024,11,25,25.8,23.6,28.2,0.8,33.3
26/11/2024,2024,11,26,25.9,23.6,28.5,0,35.2
27/11/2024,2024,11,27,25.4,22.3,28.2,0.3,38.9
28/11/2024,2024,11,28,26.1,23.6,29.1,1,42.6
29/11/2024,2024,11,29,26,23.1,28.8,0,40.8
30/11/2024,2024,11,30,26.3,22.8,29.2,1,38.9
12/01/2024,2024,12,1,25.4,24,28,2.3,35.2
12/02/2024,2024,12,2,25.8,22,29.2,0.8,33.3
12/03/2024,2024,12,3,25.8,23.4,28.3,7.3,35.2
12/04/2024,2024,12,4,24.7,22.3,28.5,2,33.3
12/05/2024,2024,12,5,25.7,22.9,29,0,33.3
12/06/2024,2024,12,6,25.9,22.2,28.6,0,33.3
12/07/2024,2024,12,7,26.2,23.9,29.5,0,35.2
12/08/2024,2024,12,8,26.2,24,30.4,4.1,31.5
12/09/2024,2024,12,9,26.6,24,29.4,0.3,27.8
12/10/2024,2024,12,10,26.4,24.7,28.5,2.200000000000014,31.5
12/11/2024,2024,12,11,25.3,24.1,27.6,0.3,33.3
12/12/2024,2024,12,12,26.1,23.7,29,3,38.9
13/12/2024,2024,12,13,26.4,24.6,29.6,0.8,38.9
14/12/2024,2024,12,14,26.3,22.4,29.5,0.5,35.2
15/12/2024,2024,12,15,26.5,21.9,29.8,0,33.3
16/12/2024,2024,12,16,25.9,22.6,29.5,5.1,38.9
17/12/2024,2024,12,17,26.9,25,29.7,8.1,37
18/12/2024,2024,12,18,26.4,25,30.3,1.6,37
19/12/2024,2024,12,19,27.2,24.6,30,2.5,38.9
20/12/2024,2024,12,20,27,24.7,30,0.2,35.2
21/12/2024,2024,12,21,26.6,23,29.5,4.5,33.3
22/12/2024,2024,12,22,27.1,24.8,29.9,5.6,35.2
23/12/2024,2024,12,23,27,24.5,30,4.8,37
24/12/2024,2024,12,24,27,24.4,29.1,4.6,35.2
25/12/2024,2024,12,25,27,24.1,29.6,0,37
26/12/2024,2024,12,26,26.2,22.1,29.1,0,35.2
27/12/2024,2024,12,27,26.7,24,30.5,2.5,35.2
28/12/2024,2024,12,28,27.3,24.4,30.4,3.2,33.3
29/12/2024,2024,12,29,26.3,23,31,16.1,33.3
30/12/2024,2024,12,30,26,23,29.9,3.8,35.2
31/12/2024,2024,12,31,26.8,24,30,1,31.5
