Date,Year,Month,Day,Max Temp (°C),Min Temp (°C),Mean Temp (°C),Total Snow (cm),Total Precip (mm),Spd of Max Gust (km/h)
01/01/2020,2020,1,1,10.7,4.9,7.8,0,0.8,68
01/02/2020,2020,1,2,6.3,2.6,4.5,0,8,61
01/03/2020,2020,1,3,12,4.3,8.2,0,16.2,55
01/04/2020,2020,1,4,8.4,4.9,6.7,0,2.8,54
01/05/2020,2020,1,5,8.3,3.7,6,0,0.8,72
01/06/2020,2020,1,6,5.3,3.2,4.3,0,13.2,35
01/07/2020,2020,1,7,9.7,4.8,7.3,0,17,58
01/08/2020,2020,1,8,7,0.7,3.9,0,0,55
01/09/2020,2020,1,9,5.2,-1.8,1.7,0,0,55
01/10/2020,2020,1,10,4.5,0.3,2.4,8.6,22.8,45
01/11/2020,2020,1,11,6.2,3,4.6,0,9.4,76
01/12/2020,2020,1,12,4.4,-2.5,1,4.4,12.6,72
13/01/2020,2020,1,13,-2.4,-6.2,-4.3,1.6,0.8,33
14/01/2020,2020,1,14,-6.2,-8,-7.1,4.8,1.8,56.5
15/01/2020,2020,1,15,0.1,-7.5,-3.7,15,11.4,58
16/01/2020,2020,1,16,2.4,-4.4,-1,0.2,0.2,59
17/01/2020,2020,1,17,3.2,-4.7,-0.8,0,0,33
18/01/2020,2020,1,18,5.9,0.8,3.4,0,9.2,46
19/01/2020,2020,1,19,9,4.3,6.7,0,4.6,49
20/01/2020,2020,1,20,9.5,4.6,7.1,0,5.8,32
21/01/2020,2020,1,21,8.9,5.4,7.2,0,8.4,48
22/01/2020,2020,1,22,7.6,5.3,6.5,0,9.8,41
23/01/2020,2020,1,23,10.8,5.6,8.2,0,28.6,42
24/01/2020,2020,1,24,10.7,5.7,8.2,0,9.2,41
25/01/2020,2020,1,25,8.8,6.5,7.7,0,5,43
26/01/2020,2020,1,26,11,6.1,8.6,0,4.2,39
27/01/2020,2020,1,27,9.5,4.5,7,0,4.6,52
28/01/2020,2020,1,28,9.9,4.6,7.3,0,1.6,37
29/01/2020,2020,1,29,10.9,5.8,8.4,0,6.6,42
30/01/2020,2020,1,30,8.6,4.1,6.4,0,6.4,35
31/01/2020,2020,1,31,12.3,6.6,9.5,0,34.8,42
02/01/2020,2020,2,1,10.9,3.2,7.1,0,5.8,59
02/02/2020,2020,2,2,6.1,-1.3,2.4,0,1.8,33
02/03/2020,2020,2,3,4.6,-0.2,2.2,0,0,42
02/04/2020,2020,2,4,1.5,-0.5,0.5,10.8,13,44
02/05/2020,2020,2,5,4.8,0.6,2.7,0,14,44.666666666666664
02/06/2020,2020,2,6,5.3,3.4,4.4,0,8.6,37.5
02/07/2020,2020,2,7,8.1,3.2,5.7,0,3.6,41
02/08/2020,2020,2,8,8,2.4,5.2,0,0.2,50
02/09/2020,2020,2,9,5.6,-1.7,2,0,0,45.5
02/10/2020,2020,2,10,7.2,0.2,3.7,0,0,45.5
02/11/2020,2020,2,11,9.8,2,5.9,0,0,37
02/12/2020,2020,2,12,7.7,5,6.4,0,0.8,43.5
13/02/2020,2020,2,13,9.1,4.5,6.8,0,1.4,39
14/02/2020,2020,2,14,8.3,1.8,5.1,0,1.4,37
15/02/2020,2020,2,15,7.1,3,5.1,0,9.2,33
16/02/2020,2020,2,16,8.4,3,5.7,0,0,52
17/02/2020,2020,2,17,7.3,-0.8,3.3,0,0,46
18/02/2020,2020,2,18,6.6,-2.2,2.2,0,0,42
19/02/2020,2020,2,19,6.7,-2.7,2,0,0,43.666666666666664
20/02/2020,2020,2,20,8.2,-3.1,2.6,0,0,49
21/02/2020,2020,2,21,11,-1.7,4.7,0,0,46
22/02/2020,2020,2,22,8.1,4.2,6.2,0,8.2,41.220186987216174
23/02/2020,2020,2,23,8.8,4.1,6.5,0,9.8,54
24/02/2020,2020,2,24,7.7,4.1,5.9,0,1.2,54
25/02/2020,2020,2,25,7,3.3,5.2,0,1,54
26/02/2020,2020,2,26,9.2,3.4,6.3,0,1.8,54
27/02/2020,2020,2,27,9.4,6,7.7,0,4.4,54
28/02/2020,2020,2,28,7.9,4.9,6.4,0,4,46
29/02/2020,2020,2,29,8.6,4.3,6.5,0,1.2,48
03/01/2020,2020,3,1,7,-0.4,3.3,0,0.8,32
03/02/2020,2020,3,2,6,3.5,4.8,0,14.8,32
03/03/2020,2020,3,3,8.4,2.2,5.3,0,1.4,48
03/04/2020,2020,3,4,10.2,4.1,7.2,0,0,48
03/05/2020,2020,3,5,8.4,5.1,6.8,0,2.4,33
03/06/2020,2020,3,6,8.25,3.7249999999999996,6.025,0,0,40.25
03/07/2020,2020,3,7,7.4,-0.4,3.5,0,0,43
03/08/2020,2020,3,8,6.7,-1.1,2.8,0,0,40.5
03/09/2020,2020,3,9,6.6,-3.1,1.8,0,0,33
03/10/2020,2020,3,10,6.6,3.2,4.9,0,2,33
03/11/2020,2020,3,11,9.3,4.2,6.8,0,0,65
03/12/2020,2020,3,12,8.5,0.9,4.7,0,0,58
13/03/2020,2020,3,13,8.7,1.2,5,0,0,42
14/03/2020,2020,3,14,8.275,2.375,5.35,0,0,45
15/03/2020,2020,3,15,6.6,-4.5,1.1,0,0,48
16/03/2020,2020,3,16,9.5,-2.8,3.4,0,0,48.25
17/03/2020,2020,3,17,9.3,-1.6,3.9,0,0,37
18/03/2020,2020,3,18,11.5,-1.4,5.1,0,0,43.333333333333336
19/03/2020,2020,3,19,11.7,1.3,6.5,0,0,42.5
20/03/2020,2020,3,20,10.5,-1.125,4.7250000000000005,0,0,37
21/03/2020,2020,3,21,11,0.2,5.6,0,0,37
22/03/2020,2020,3,22,10.7,2.6,6.7,0,0,33
23/03/2020,2020,3,23,10.1,4.3,7.2,0,1.4,35
24/03/2020,2020,3,24,8.4,2.5,5.5,0,0.2,34
25/03/2020,2020,3,25,9.4,2.4,5.9,0,0,34
26/03/2020,2020,3,26,9,3.8,6.4,0,2,34
27/03/2020,2020,3,27,8.7,5.7,7.2,0,5.6,35
28/03/2020,2020,3,28,10.2,7.1,8.7,0,4.8,45
29/03/2020,2020,3,29,13.4,7.1,10.3,0,0.4,37
30/03/2020,2020,3,30,9.5,4.6,7.1,0,5,61
31/03/2020,2020,3,31,10.5,1.8,6.2,0,0,33
04/01/2020,2020,4,1,8.8,1.8,5.3,0,1.6,44
04/02/2020,2020,4,2,9.1,2.5,5.8,0,0,32
04/03/2020,2020,4,3,8.8,3.3,6.1,0,0,45
04/04/2020,2020,4,4,9.9,2.1,6,0,0.8,33
04/05/2020,2020,4,5,10.8,2.7,6.8,0,0,32
04/06/2020,2020,4,6,11,0.6,5.8,0,0,35.5
04/07/2020,2020,4,7,11.9,2.7,7.3,0,0,39
04/08/2020,2020,4,8,12.7,1.3,7,0,0,34.666666666666664
04/09/2020,2020,4,9,13,2.4,7.7,0,0,35.5
04/10/2020,2020,4,10,14.4,4.1,9.3,0,0,39
04/11/2020,2020,4,11,14.5,5.7,10.1,0,0,45
04/12/2020,2020,4,12,14,0.4,7.2,0,0,45
13/04/2020,2020,4,13,14.6,0.6,7.6,0,0,45
14/04/2020,2020,4,14,14.6,4.1,9.4,0,0,32
15/04/2020,2020,4,15,15.6,4,9.8,0,0,38.5
16/04/2020,2020,4,16,17.3,2.9,10.1,0,0,32
17/04/2020,2020,4,17,15.5,6.2,10.9,0,0,32
18/04/2020,2020,4,18,16.2,9.7,13,0,0.8,35
19/04/2020,2020,4,19,16.4,9.2,12.8,0,0,35
20/04/2020,2020,4,20,15.4,6,10.7,0,0,35
21/04/2020,2020,4,21,13.8,7.6,10.7,0,0,35
22/04/2020,2020,4,22,11.9,7.7,9.8,0,8.4,35
23/04/2020,2020,4,23,15.4,6.7,11.1,0,0,32
24/04/2020,2020,4,24,13.8,7.6,10.7,0,0.6,33.5
25/04/2020,2020,4,25,16.8,10.2,13.5,0,3.6,52
26/04/2020,2020,4,26,14.9,5.1,10,0,2,39
27/04/2020,2020,4,27,15.7,8.7,12.2,0,1.4,39
28/04/2020,2020,4,28,14.2,6.1,10.2,0,0.4,43.333333333333336
29/04/2020,2020,4,29,14.9,5.3,10.1,0,3.2,42
30/04/2020,2020,4,30,16.1,8.4,12.3,0,0,41
05/01/2020,2020,5,1,15.3,9.2,12.3,0,1.4,39
05/02/2020,2020,5,2,14.9,9.2,12.1,0,6.8,48
05/03/2020,2020,5,3,13.8,6.6,10.2,0,0.2,46
05/04/2020,2020,5,4,15.2,4,9.6,0,0.6,32
05/05/2020,2020,5,5,15.5,7.3,11.4,0,1.2,33
05/06/2020,2020,5,6,17,9.2,13.1,0,1.8,46
05/07/2020,2020,5,7,15.4,4.9,10.2,0,0,37
05/08/2020,2020,5,8,20.7,5.7,13.2,0,0,32
05/09/2020,2020,5,9,22,7.6,14.8,0,0,37
05/10/2020,2020,5,10,22.7,9.7,16.2,0,0,38.333333333333336
05/11/2020,2020,5,11,22.5,11.1,16.8,0,0.4,32
05/12/2020,2020,5,12,18.9,11.2,15.1,0,15.4,32
13/05/2020,2020,5,13,17.5,11.3,14.4,0,1.2,32
14/05/2020,2020,5,14,16.8,10.7,13.8,0,0.6,35
15/05/2020,2020,5,15,19,8.2,13.6,0,0,33
16/05/2020,2020,5,16,16.4,11.3,13.9,0,3.4,33
17/05/2020,2020,5,17,17.5,10.5,14,0,5.4,52
18/05/2020,2020,5,18,17.5,8.6,13.1,0,0,38.25
19/05/2020,2020,5,19,18.3,9.9,14.1,0,0,42
20/05/2020,2020,5,20,16.9,9.9,13.4,0,0,39
21/05/2020,2020,5,21,15.3,10.8,13.1,0,0.2,45
22/05/2020,2020,5,22,16.8,11,13.9,0,0,39
23/05/2020,2020,5,23,17.6,10,13.8,0,2,41.25
24/05/2020,2020,5,24,17.4,11.3,14.4,0,0.8,41
25/05/2020,2020,5,25,17.4,12.6,15,0,9.2,42
26/05/2020,2020,5,26,17.1,12,14.6,0,0.4,39
27/05/2020,2020,5,27,19.9,7.3,13.6,0,0,39
28/05/2020,2020,5,28,22.6,11.5,17.1,0,0,39
29/05/2020,2020,5,29,20.8,11.5,16.2,0,0,39
30/05/2020,2020,5,30,16.2,11.1,13.7,0,5,35
31/05/2020,2020,5,31,17.2,10.3,13.8,0,0,35
06/01/2020,2020,6,1,18.4,7.3,12.9,0,0,33
06/02/2020,2020,6,2,15.2,10.6,12.9,0,4.4,32
06/03/2020,2020,6,3,16.5,9.8,13.2,0,0,33.75
06/04/2020,2020,6,4,19.4,10.8,15.1,0,0.2,33.333333333333336
06/05/2020,2020,6,5,17.9,9.5,13.7,0,0,32
06/06/2020,2020,6,6,17.2,10.7,14,0,5.4,35
06/07/2020,2020,6,7,18,8.8,13.4,0,0,41
06/08/2020,2020,6,8,18.3,12.9,15.6,0,0,42
06/09/2020,2020,6,9,14.3,10.6,12.5,0,7.8,35
06/10/2020,2020,6,10,20.2,12.6,16.4,0,1.8,38.25
06/11/2020,2020,6,11,20.2,13.8,17,0,0,32
06/12/2020,2020,6,12,17,12.3,14.7,0,13.6,35
13/06/2020,2020,6,13,15.9,10.8,13.4,0,1,34
14/06/2020,2020,6,14,18.1,11,14.6,0,0.8,35
15/06/2020,2020,6,15,14,11.3,12.7,0,5.4,34
16/06/2020,2020,6,16,18.6,9.8,14.2,0,0,32
17/06/2020,2020,6,17,20.9,10.2,15.6,0,0,37
18/06/2020,2020,6,18,19.7,10.8,15.3,0,0,34.666666666666664
19/06/2020,2020,6,19,24.1,13.7,18.9,0,0.8,33
20/06/2020,2020,6,20,20.6,15.5,18.1,0,5.2,34
21/06/2020,2020,6,21,21.4,13.9,17.7,0,0,33
22/06/2020,2020,6,22,22.5,11.6,17.1,0,0,33
23/06/2020,2020,6,23,21.1,14.8,18,0,0.8,33
24/06/2020,2020,6,24,20.9,15.4,18.2,0,4.2,32
25/06/2020,2020,6,25,21.1,13.9,17.5,0,0,33
26/06/2020,2020,6,26,20.8,14.2,17.5,0,0.4,32.5
27/06/2020,2020,6,27,19.1,13.3,16.2,0,0.4,46
28/06/2020,2020,6,28,21.3,10.9,16.1,0,0.4,32
29/06/2020,2020,6,29,21.9,12.8,17.4,0,0,37
30/06/2020,2020,6,30,19.8,13.5,16.7,0,0.6,35
07/01/2020,2020,7,1,14.8,13,13.9,0,1.4,33
07/02/2020,2020,7,2,18.3,12.8,15.6,0,1,42
07/03/2020,2020,7,3,14.6,12.3,13.5,0,16.2,36.75
07/04/2020,2020,7,4,18.9,12.3,15.6,0,0,36.666666666666664
07/05/2020,2020,7,5,20.2,10.2,15.2,0,0,37.5
07/06/2020,2020,7,6,20.9,12.2,16.6,0,0,32
07/07/2020,2020,7,7,18.7,13.5,16.1,0,0,33
07/08/2020,2020,7,8,20.9,13.4,17.2,0,0.8,33
07/09/2020,2020,7,9,20.4,13.7,17.1,0,4.6,33
07/10/2020,2020,7,10,21.4,11.4,16.4,0,0,35
07/11/2020,2020,7,11,17.5,13.3,15.4,0,3.2,33.5
07/12/2020,2020,7,12,20.1,11.3,15.7,0,0,35
13/07/2020,2020,7,13,19.2,11.3,15.3,0,0,34.333333333333336
14/07/2020,2020,7,14,21.3,11,16.2,0,0,35
15/07/2020,2020,7,15,24.3,13.8,19.1,0,0,35
16/07/2020,2020,7,16,24.4,15,19.7,0,0,33
17/07/2020,2020,7,17,21,15.7,18.4,0,0,32
18/07/2020,2020,7,18,22.7,11.4,17.1,0,0,33.333333333333336
19/07/2020,2020,7,19,22.7,14.5,18.6,0,0,39
20/07/2020,2020,7,20,23.8,17.2,20.5,0,0,37
21/07/2020,2020,7,21,27.5,15.7,21.6,0,0,35
22/07/2020,2020,7,22,24.3,15.6,20,0,0,37
23/07/2020,2020,7,23,21.6,14.8,18.2,0,0,37
24/07/2020,2020,7,24,20.3,14.4,17.4,0,0,33
25/07/2020,2020,7,25,21.5,11.1,16.3,0,0,35
26/07/2020,2020,7,26,24.2,11.6,17.9,0,0,32
27/07/2020,2020,7,27,26.4,14.2,20.3,0,0,34
28/07/2020,2020,7,28,23.2,15.2,19.2,0,0,32
29/07/2020,2020,7,29,24.7,11.7,18.2,0,0,32
30/07/2020,2020,7,30,25.8,13.3,19.6,0,0,32
31/07/2020,2020,7,31,25.4,16.9,21.2,0,0,37
08/01/2020,2020,8,1,24.3,14.1,19.2,0,0,37
08/02/2020,2020,8,2,25.4,14.5,20,0,0,35
08/03/2020,2020,8,3,25.7,15.1,20.4,0,0,36.333333333333336
08/04/2020,2020,8,4,24.3,15.7,20,0,0,33
08/05/2020,2020,8,5,26.5,14.9,20.7,0,0,33
08/06/2020,2020,8,6,20.6,15.1,17.9,0,25.6,48
08/07/2020,2020,8,7,19.5,14,16.8,0,4.6,38
08/08/2020,2020,8,8,20.7,14.7,17.7,0,1.8,39
08/09/2020,2020,8,9,21,10.9,16,0,0,40
08/10/2020,2020,8,10,21.7,13,17.4,0,0,33
08/11/2020,2020,8,11,19,13.9,16.5,0,0,37
08/12/2020,2020,8,12,19.9,13.6,16.8,0,0,37
13/08/2020,2020,8,13,20,10.7,15.4,0,0,35.666666666666664
14/08/2020,2020,8,14,22.2,12,17.1,0,0,35.666666666666664
15/08/2020,2020,8,15,23.9,13,18.5,0,0,37
16/08/2020,2020,8,16,28.3,14.8,21.6,0,0,37
17/08/2020,2020,8,17,29.3,18.1,23.7,0,0,41.220186987216174
18/08/2020,2020,8,18,25.8,16,20.9,0,0,37
19/08/2020,2020,8,19,24.7,14.5,19.6,0,0,37
20/08/2020,2020,8,20,22.3,15.7,19,0,6.6,39
21/08/2020,2020,8,21,21.5,16.6,19.1,0,7.6,39
22/08/2020,2020,8,22,20.3,11.7,16,0,0,38.333333333333336
23/08/2020,2020,8,23,20.1,13,16.6,0,0,35
24/08/2020,2020,8,24,19.6,14.3,17,0,0.3,37.666666666666664
25/08/2020,2020,8,25,19.8,11,15.4,0,0,32
26/08/2020,2020,8,26,20.2,11.3,15.8,0,0,33.5
27/08/2020,2020,8,27,20.3,11.4,15.9,0,0,33.5
28/08/2020,2020,8,28,21.9,12.5,17.2,0,0,42
29/08/2020,2020,8,29,19.1,13.9,16.5,0,0,55
30/08/2020,2020,8,30,19.7,9.4,14.6,0,0,48.5
31/08/2020,2020,8,31,19.3,13,16.2,0,0,48.5
09/01/2020,2020,9,1,21.5,14.6,18.1,0,0,48.5
09/02/2020,2020,9,2,22.1,13.6,17.9,0,0,55
09/03/2020,2020,9,3,21.6,11.7,16.7,0,0,41.220186987216174
09/04/2020,2020,9,4,23.2,12.6,17.9,0,0,41.220186987216174
09/05/2020,2020,9,5,21.4,14.5,18,0,0,35
09/06/2020,2020,9,6,20.9,13.6,17.3,0,0,35
09/07/2020,2020,9,7,23.8,13.8,18.8,0,0,35
09/08/2020,2020,9,8,23.1,9.9,16.5,0,0,35
09/09/2020,2020,9,9,22.7,11,16.9,0,0,32
09/10/2020,2020,9,10,24.5,12,18.3,0,0,33.5
09/11/2020,2020,9,11,24.1,14.3,19.2,0,0,35
09/12/2020,2020,9,12,17.6,12.7,15.2,0,0,33.5
13/09/2020,2020,9,13,16.7,11.1,13.9,0,0,33.5
14/09/2020,2020,9,14,17.5,11,14.3,0,1,35
15/09/2020,2020,9,15,21.9,15.4,18.7,0,1.8,35
16/09/2020,2020,9,16,19.9,14.4,17.2,0,0,35
17/09/2020,2020,9,17,19.8,15.3,17.6,0,0,35
18/09/2020,2020,9,18,18.6,14.5,16.6,0,0,35
19/09/2020,2020,9,19,18.1,13.8,16,0,2.8,35
20/09/2020,2020,9,20,21.1,12.2,16.7,0,0,41.220186987216174
21/09/2020,2020,9,21,21.2,11.3,16.3,0,0,41.220186987216174
22/09/2020,2020,9,22,20.6,12.3,16.5,0,0.8,41.220186987216174
23/09/2020,2020,9,23,18,13.8,15.9,0,29.6,50
24/09/2020,2020,9,24,18.6,13.1,15.9,0,12.8,41
25/09/2020,2020,9,25,18.7,13.2,16,0,7.8,54
26/09/2020,2020,9,26,15.3,10,12.7,0,2.6,32
27/09/2020,2020,9,27,16.8,9.2,13,0,0,44.25
28/09/2020,2020,9,28,17.1,9.6,13.4,0,0,42.333333333333336
29/09/2020,2020,9,29,18.8,8.6,13.7,0,0,43
30/09/2020,2020,9,30,20.4,10.6,15.5,0,0,32
10/01/2020,2020,10,1,18.6,11.1,14.9,0,0,41.220186987216174
10/02/2020,2020,10,2,19.6,8.8,14.2,0,0,41.220186987216174
10/03/2020,2020,10,3,18.5,9.7,14.1,0,0,41.220186987216174
10/04/2020,2020,10,4,15.4,12.6,14,0,0.2,41.220186987216174
10/05/2020,2020,10,5,17.5,8.9,13.2,0,0,41.220186987216174
10/06/2020,2020,10,6,15.9,9.8,12.9,0,0,41.220186987216174
10/07/2020,2020,10,7,15.7,8.9,12.3,0,0,41.220186987216174
10/08/2020,2020,10,8,18.2,13,15.6,0,0,41.220186987216174
10/09/2020,2020,10,9,14.8,13.4,14.1,0,15.7,41
10/10/2020,2020,10,10,15.6,11.5,13.6,0,12,45
10/11/2020,2020,10,11,12.2,6.6,9.4,0,14.4,41
10/12/2020,2020,10,12,13.6,8.9,11.3,0,0,61
13/10/2020,2020,10,13,16.3,7.7,12,0,13.9,65
14/10/2020,2020,10,14,13.9,7.1,10.5,0,0,39
15/10/2020,2020,10,15,12.3,4.8,8.6,0,0.3,32
16/10/2020,2020,10,16,14.2,9.4,11.8,0,2.7,35
17/10/2020,2020,10,17,12.9,10.1,11.5,0,0.5,45
18/10/2020,2020,10,18,11.9,8.4,10.2,0,10.8,37.75
19/10/2020,2020,10,19,12.8,10.2,11.5,0,0,37
20/10/2020,2020,10,20,12.8,7,9.9,0,0,37
21/10/2020,2020,10,21,11.9,6.6,9.3,0,0,52
22/10/2020,2020,10,22,10.3,4.5,7.4,0,0,33
23/10/2020,2020,10,23,7.4,3.8,5.6,0,12.8,39
24/10/2020,2020,10,24,9.8,0.6,5.2,0,0,33
25/10/2020,2020,10,25,6.3,-4.6,0.9,0,0,35
26/10/2020,2020,10,26,6.4,2.7,4.6,0,0.6,35
27/10/2020,2020,10,27,10.2,5.2,7.7,0,0,32
28/10/2020,2020,10,28,13.4,10.2,11.8,0,0,35
29/10/2020,2020,10,29,13.2,10.5,11.9,0,0,32
30/10/2020,2020,10,30,12.8,7.2,10,0,3.6,58
31/10/2020,2020,10,31,9.9,1.2,5.6,0,0,33
11/01/2020,2020,11,1,10.9,1.8,6.4,0,0,39.5
11/02/2020,2020,11,2,14.5,1.1,7.8,0,0,41
11/03/2020,2020,11,3,11.5,8.7,10.1,0,34.6,33
11/04/2020,2020,11,4,15.5,11.4,13.5,0,7.2,41
11/05/2020,2020,11,5,15.3,4.8,10.1,0,0,48
11/06/2020,2020,11,6,9,4.3,6.7,0,0,55
11/07/2020,2020,11,7,8.7,4.1,6.4,0,0,45
11/08/2020,2020,11,8,8.3,-2.4,3,0,0,37
11/09/2020,2020,11,9,4.4,-1.7,1.4,0,2.1,35
11/10/2020,2020,11,10,5.8,1.2,3.5,0,3.7,43
11/11/2020,2020,11,11,4.9,-0.6,2.2,0,0,39
11/12/2020,2020,11,12,6,3.2,4.6,0,22.8,42
13/11/2020,2020,11,13,8.4,4.4,6.4,0,31.7,59
14/11/2020,2020,11,14,8.1,2.3,5.2,0,5.6,45
15/11/2020,2020,11,15,11.6,4.7,8.2,0,1.3,61
16/11/2020,2020,11,16,7.7,6.1,6.9,0,20.5,51.75
17/11/2020,2020,11,17,14.5,4.8,9.7,0,4.5,65
18/11/2020,2020,11,18,9.1,6.2,7.7,0,16.9,35
19/11/2020,2020,11,19,9,3.7,6.4,0,5.3,53.666666666666664
20/11/2020,2020,11,20,9.5,6.4,8,0,2.8,39
21/11/2020,2020,11,21,9.1,1.9,5.5,0,0,46.333333333333336
22/11/2020,2020,11,22,7.5,1.5,4.5,0,2.5,37
23/11/2020,2020,11,23,7.1,5.4,6.3,0,9.4,39
24/11/2020,2020,11,24,8.6,5,6.8,0,9.5,54
25/11/2020,2020,11,25,8.1,4.3,6.2,0,1.2,54
26/11/2020,2020,11,26,8.2,4,6.1,0,2.4,35
27/11/2020,2020,11,27,10.1,7.2,8.7,0,1.2,42
28/11/2020,2020,11,28,8.5,2.3,5.4,0,0,33
29/11/2020,2020,11,29,7.8,-0.5,3.7,0,0.2,36.666666666666664
30/11/2020,2020,11,30,9.1,5.8,7.5,0,3.9,72
12/01/2020,2020,12,1,7.5,0.3,3.9,0,0,49
12/02/2020,2020,12,2,7.3,-1.2,3.1,0,0,52.5
12/03/2020,2020,12,3,8.1,-1.4,3.4,0,0,72
12/04/2020,2020,12,4,10,0.1,5.1,0,0,72
12/05/2020,2020,12,5,12.3,-1.6,5.4,0.13272078990674713,0,41.220186987216174
12/06/2020,2020,12,6,10.6,2.7,6.7,0.13272078990674713,2.2,32
12/07/2020,2020,12,7,10,8.6,9.3,0.13272078990674713,10.8,37
12/08/2020,2020,12,8,10.4,6.4,8.4,0.13272078990674713,14.7,45
12/09/2020,2020,12,9,9.8,4.2,7,0,0.3,38
12/10/2020,2020,12,10,6.9,3.4,5.2,0,0,38
12/11/2020,2020,12,11,6.3,1.7,4,0,9.2,41
12/12/2020,2020,12,12,5.8,-2.2,1.8,0,0,45
13/12/2020,2020,12,13,5.1,1.2,3.2,0,10.4,33
14/12/2020,2020,12,14,7.8,4.7,6.3,0,1.5,33
15/12/2020,2020,12,15,9.3,5.7,7.5,0,7.4,54
16/12/2020,2020,12,16,9.2,7,8.1,0,7.6,42
17/12/2020,2020,12,17,8.9,5.6,7.3,0,9.1,39
18/12/2020,2020,12,18,9,6,7.5,0,19.7,65
19/12/2020,2020,12,19,8.4,4.3,6.4,0,19.6,59
20/12/2020,2020,12,20,9.9,4.6,7.3,0,0,54
21/12/2020,2020,12,21,6.3,2.2,4.3,0,31.8,39
22/12/2020,2020,12,22,5.8,-1.6,2.1,0,0,54.25
23/12/2020,2020,12,23,5.9,-2.3,1.8,0,0,50.666666666666664
24/12/2020,2020,12,24,3.8,-3.7,0.1,0,0,46.5
25/12/2020,2020,12,25,7.6,-0.2,3.7,0,8.1,32
26/12/2020,2020,12,26,8.2,4.8,6.5,0,3.7,50
27/12/2020,2020,12,27,6.6,3.8,5.2,0,6.4,41
28/12/2020,2020,12,28,6.7,3.9,5.3,0,0.8,39
29/12/2020,2020,12,29,5.6,2.4,4,0,8.2,32
30/12/2020,2020,12,30,6.1,3.4,4.8,0,31.6,48
31/12/2020,2020,12,31,7.6,5.4,6.5,0,6.8,33
01/01/2021,2021,1,1,10.1,6.9,8.5,0,17.6,45
01/02/2021,2021,1,2,8.8,6.9,7.9,0,12.7,59
01/03/2021,2021,1,3,9.3,2.3,5.8,0,6.4,41
01/04/2021,2021,1,4,7.7,3.8,5.8,0,18.1,48
01/05/2021,2021,1,5,7.6,2.8,5.2,0,29.5,63
01/06/2021,2021,1,6,9.9,3.5,6.7,0,0.2,54
01/07/2021,2021,1,7,9.1,2.1,5.6,0,0,51.5
01/08/2021,2021,1,8,7.6,1,4.3,0,9.3,39
01/09/2021,2021,1,9,7.2,-0.8,3.2,0,0,41
01/10/2021,2021,1,10,8.4,5.3,6.9,0,4.4,33
01/11/2021,2021,1,11,10.1,7.8,9,0,15.2,46
01/12/2021,2021,1,12,11.9,7.5,9.7,0,22.1,50
13/01/2021,2021,1,13,12,3.5,7.8,0,3.9,91
14/01/2021,2021,1,14,8.6,1.3,5,0,0,55
15/01/2021,2021,1,15,10.6,4.4,7.5,0,2.1,45
16/01/2021,2021,1,16,7.3,3.5,5.4,0,2.5,62
17/01/2021,2021,1,17,8.1,3.5,5.8,0,0.7,68
18/01/2021,2021,1,18,7.6,0.4,4,0,0,45
19/01/2021,2021,1,19,6.8,0.9,3.9,0,0,45
20/01/2021,2021,1,20,7.3,2.9,5.1,0,0,41.220186987216174
21/01/2021,2021,1,21,7.6,0.1,3.9,0,0.5,33
22/01/2021,2021,1,22,5.5,-2.6,1.5,0,0,33
23/01/2021,2021,1,23,4.5,-4.5,0,0,0,33
24/01/2021,2021,1,24,3.1,1.5,2.3,0,9,33
25/01/2021,2021,1,25,5.1,1.2,3.2,0,10.7,32
26/01/2021,2021,1,26,7.4,1.4,4.4,0,0,50
27/01/2021,2021,1,27,5.2,1.2,3.2,0,0.4,42
28/01/2021,2021,1,28,6.5,2.6,4.6,0,1.4,41.333333333333336
29/01/2021,2021,1,29,7,2.5,4.8,0,0,41.333333333333336
30/01/2021,2021,1,30,7.1,4.5,5.8,0,1.7,42
31/01/2021,2021,1,31,7.5,5.5,6.5,0,7.3,37
02/01/2021,2021,2,1,7.6,4.8,6.2,0,19.2,32
02/02/2021,2021,2,2,6.8,4,5.4,0,13.5,35
02/03/2021,2021,2,3,7,2.1,4.6,0,0,36.5
02/04/2021,2021,2,4,6.6,3.2,4.9,0,7.6,34.666666666666664
02/05/2021,2021,2,5,8.4,4.3,6.4,0,1.1,58
02/06/2021,2021,2,6,8.4,5.2,6.8,0,1.9,61
02/07/2021,2021,2,7,7.6,3.4,5.5,0,0,67
02/08/2021,2021,2,8,4.4,-3,0.7,0,0,37
02/09/2021,2021,2,9,2,-3.5,-0.8,0,0,35
02/10/2021,2021,2,10,0.2,-3.4,-1.6,0,0,35
02/11/2021,2021,2,11,0.8,-4.4,-1.8,0,0,43.5
02/12/2021,2021,2,12,-0.2,-6.8,-3.5,0,0,35
13/02/2021,2021,2,13,0,-3.5,-1.8,8.8,6.2,39
14/02/2021,2021,2,14,1.1,-1,0.1,3.8,2.1,36.333333333333336
15/02/2021,2021,2,15,4.2,0.5,2.4,0,13.4,35
16/02/2021,2021,2,16,7.9,3.4,5.7,0,0.2,61
17/02/2021,2021,2,17,7.1,-0.6,3.3,0,0,54
18/02/2021,2021,2,18,6.2,1.7,4,0,1.7,42
19/02/2021,2021,2,19,8.2,1.1,4.7,0,1.4,35
20/02/2021,2021,2,20,7.3,-1.5,2.9,0,1.1,48
21/02/2021,2021,2,21,11,4.8,7.9,0,1.9,52
22/02/2021,2021,2,22,11.7,4.5,8.1,0,1.5,55
23/02/2021,2021,2,23,7.8,1.1,4.5,0,0.2,59
24/02/2021,2021,2,24,6.3,-2.5,1.9,0,0,55.333333333333336
25/02/2021,2021,2,25,9.5,1.8,5.7,0,4.6,39
26/02/2021,2021,2,26,8.3,3.3,5.8,0,1.6,72
27/02/2021,2021,2,27,7.1,-2.3,2.4,0,0.6,42
28/02/2021,2021,2,28,7,3.2,5.1,0,3.3,51
03/01/2021,2021,3,1,11.2,4.4,7.8,0,0,51
03/02/2021,2021,3,2,8.2,1.4,4.8,0,0,32
03/03/2021,2021,3,3,10.3,2.9,6.6,0,0,37
03/04/2021,2021,3,4,10.7,2,6.4,0,4,39
03/05/2021,2021,3,5,11.8,5.8,8.8,0,3.7,71
03/06/2021,2021,3,6,11.3,4.6,8,0,0.7,42
03/07/2021,2021,3,7,8.6,4.8,6.7,0,1.5,58
03/08/2021,2021,3,8,10.4,1.3,5.9,0,0,52.5
03/09/2021,2021,3,9,11.1,2.9,7,0,0,38
03/10/2021,2021,3,10,8.8,-0.1,4.4,0,0,46
03/11/2021,2021,3,11,8,-2,3,0,0,48
03/12/2021,2021,3,12,12,0.9,6.5,0,0,38
13/03/2021,2021,3,13,14.2,2.2,8.2,0,0,38
14/03/2021,2021,3,14,9.9,4,7,0,1.2,58
15/03/2021,2021,3,15,7.8,0,3.9,0,0,46
16/03/2021,2021,3,16,8.2,-0.6,3.8,0,0,52
17/03/2021,2021,3,17,9.6,1.1,5.4,0,1,52
18/03/2021,2021,3,18,12.9,2.5,7.7,0,2.7,45
19/03/2021,2021,3,19,10.9,6.3,8.6,0,0.9,50
20/03/2021,2021,3,20,9.3,5.8,7.6,0,1.8,42
21/03/2021,2021,3,21,6.7,4.6,5.7,0,5.9,39
22/03/2021,2021,3,22,9.8,4.3,7.1,0,0,51
23/03/2021,2021,3,23,9.1,1.5,5.3,0,0.4,45.5
24/03/2021,2021,3,24,8.2,3.9,6.1,0,6,32
25/03/2021,2021,3,25,10.2,4.6,7.4,0,0,39
26/03/2021,2021,3,26,10.7,2.3,6.5,0,0,40.666666666666664
27/03/2021,2021,3,27,9.7,3.9,6.8,0,0,31
28/03/2021,2021,3,28,10.1,3.1,6.6,0,4.2,88
29/03/2021,2021,3,29,9.7,0,4.9,0,0,57
30/03/2021,2021,3,30,9.5,-0.5,4.5,0,0,35
31/03/2021,2021,3,31,10.5,0.2,5.4,0,0,52.75
04/01/2021,2021,4,1,13.1,4.6,8.9,0,0,60
04/02/2021,2021,4,2,11.9,5.7,8.8,0,0,46
04/03/2021,2021,4,3,11.3,5.8,8.6,0,1.2,35
04/04/2021,2021,4,4,10.3,5.3,7.8,0,0,58
04/05/2021,2021,4,5,9.2,-0.1,4.6,0,0,31
04/06/2021,2021,4,6,15,1.6,8.3,0,0,44.5
04/07/2021,2021,4,7,8.5,3.9,6.2,0,1.8,43
04/08/2021,2021,4,8,10.6,4.2,7.4,0,0,63
04/09/2021,2021,4,9,8.5,2.3,5.4,0,0.9,49
04/10/2021,2021,4,10,9.7,1.7,5.7,0,0,60
04/11/2021,2021,4,11,9.4,-1,4.2,0,0,53.75
04/12/2021,2021,4,12,11.9,-0.2,5.9,0,0,40
13/04/2021,2021,4,13,13.8,3.1,8.5,0,0,42
14/04/2021,2021,4,14,14.4,1.4,7.9,0,0,37
15/04/2021,2021,4,15,17.1,4,10.6,0,0,39.666666666666664
16/04/2021,2021,4,16,17.9,4.8,11.4,0,0,39.666666666666664
17/04/2021,2021,4,17,18.7,5.1,11.9,0,0,39.5
18/04/2021,2021,4,18,18.1,4.8,11.5,0,0,37
19/04/2021,2021,4,19,19.4,6.7,13.1,0,0,41.220186987216174
20/04/2021,2021,4,20,17,5.3,11.2,0,0,41.220186987216174
21/04/2021,2021,4,21,15,4.4,9.7,0,0,45
22/04/2021,2021,4,22,15.2,6.5,10.9,0,0,41
23/04/2021,2021,4,23,14.2,8.4,11.3,0,0.3,36
24/04/2021,2021,4,24,11.6,8.3,10,0,10.9,40.666666666666664
25/04/2021,2021,4,25,12.2,7.9,10.1,0,7.7,32
26/04/2021,2021,4,26,13.4,6.8,10.1,0,0,36
27/04/2021,2021,4,27,14.5,7.7,11.1,0,0,31
28/04/2021,2021,4,28,14.2,10.2,12.2,0,1.4,33
29/04/2021,2021,4,29,17.9,9.4,13.7,0,0.3,33
30/04/2021,2021,4,30,18.2,10.2,14.2,0,13.5,34
05/01/2021,2021,5,1,15,8.7,11.9,0,0,33
05/02/2021,2021,5,2,15,6.6,10.8,0,0,33.5
05/03/2021,2021,5,3,11.4,9.1,10.3,0,2.2,33.5
05/04/2021,2021,5,4,15,8.9,12,0,0,33.5
05/05/2021,2021,5,5,14.8,5.9,10.4,0,0,33
05/06/2021,2021,5,6,20.1,7.3,13.7,0,0.3,44
05/07/2021,2021,5,7,12.9,6.6,9.8,0,0,36
05/08/2021,2021,5,8,13.5,8.9,11.2,0,0,35
05/09/2021,2021,5,9,14.1,8.1,11.1,0,0,38.333333333333336
05/10/2021,2021,5,10,15.8,6.2,11,0,0,38.333333333333336
05/11/2021,2021,5,11,16.5,6.1,11.3,0,0,35.5
05/12/2021,2021,5,12,14.975,7.325000000000001,11.149999999999999,0,3.6,35
13/05/2021,2021,5,13,18.3,7.4,12.9,0,0,41.220186987216174
14/05/2021,2021,5,14,18.3,7.7,13,0,0,34
15/05/2021,2021,5,15,18.1,11.7,14.9,0,0,37
16/05/2021,2021,5,16,19.7,8.4,14.1,0,0,35.5
17/05/2021,2021,5,17,16.9,10.2,13.6,0,7,40
18/05/2021,2021,5,18,14.2,8.4,11.3,0,5,58
19/05/2021,2021,5,19,14.8,6.2,10.5,0,0,40
20/05/2021,2021,5,20,16,5,10.5,0,0,46
21/05/2021,2021,5,21,16.7,7.3,12,0,0,32
22/05/2021,2021,5,22,17.9,8.3,13.1,0,0,36
23/05/2021,2021,5,23,15.8,11.9,13.9,0,0,36
24/05/2021,2021,5,24,13.4,10.5,12,0,3.1,34.666666666666664
25/05/2021,2021,5,25,18.1,11.6,14.9,0,0,32
26/05/2021,2021,5,26,15.7,11.6,13.7,0,0,35
27/05/2021,2021,5,27,14.4,11.4,12.9,0,8.2,39
28/05/2021,2021,5,28,17.1,10.1,13.6,0,0.8,44
29/05/2021,2021,5,29,18.7,6.5,12.6,0,0,37.5
30/05/2021,2021,5,30,19.2,9.8,14.5,0,0,33
31/05/2021,2021,5,31,21.6,11.5,16.6,0,0,38.666666666666664
06/01/2021,2021,6,1,24.1,11.1,17.6,0,0,38.5
06/02/2021,2021,6,2,28.2,12.8,20.5,0,0,33
06/03/2021,2021,6,3,21.9,14.4,18.2,0,0,32
06/04/2021,2021,6,4,18.1,10.9,14.5,0,1.4,38
06/05/2021,2021,6,5,18.2,10.3,14.3,0,0.8,38
06/06/2021,2021,6,6,12.9,9.3,11.1,0,5,39
06/07/2021,2021,6,7,15.6,8.3,12,0,5.2,37
06/08/2021,2021,6,8,17.5,5.9,11.7,0,0,36
06/09/2021,2021,6,9,17.9,10.8,14.4,0,1.2,39
06/10/2021,2021,6,10,22.2,9.2,15.7,0,0,34
06/11/2021,2021,6,11,17.6,10.3,14,0,6.3,55
06/12/2021,2021,6,12,21.3,11.8,16.6,0,0.6,34
13/06/2021,2021,6,13,18.4,14,16.2,0,12.5,33
14/06/2021,2021,6,14,20.1,14.2,17.2,0,1.6,32
15/06/2021,2021,6,15,19.35,12.575000000000001,15.999999999999996,0,2.6,38
16/06/2021,2021,6,16,20.9,11.9,16.4,0,0,34.25
17/06/2021,2021,6,17,23.2,10.1,16.7,0,0,37
18/06/2021,2021,6,18,19.2,10,14.6,0,0,35.666666666666664
19/06/2021,2021,6,19,20.8,12.5,16.7,0,0,31
20/06/2021,2021,6,20,21.025,11.125,16.099999999999998,0,0,37
21/06/2021,2021,6,21,23.8,15.1,19.5,0,0,32
22/06/2021,2021,6,22,22.9,14.8,18.9,0,0,35
23/06/2021,2021,6,23,22.1,13.3,17.7,0,0,37
24/06/2021,2021,6,24,23.6,14.3,19,0,0,31
25/06/2021,2021,6,25,25.6,18,21.8,0,0,36
26/06/2021,2021,6,26,32.3,17.5,24.9,0,0,34.75
27/06/2021,2021,6,27,31.1,19.4,25.3,0,0,31
28/06/2021,2021,6,28,31.7,20.3,26,0,0,33
29/06/2021,2021,6,29,32.4,20.4,26.4,0,0,35
30/06/2021,2021,6,30,24.2,17.7,21,0,0,42
07/01/2021,2021,7,1,23.6,17.6,20.6,0,0,36
07/02/2021,2021,7,2,22.6,16.6,19.6,0,0,35
07/03/2021,2021,7,3,22.6,16.6,19.6,0,0,35
07/04/2021,2021,7,4,24.5,16.2,20.4,0,0,33
07/05/2021,2021,7,5,24,15.5,19.8,0,0,34.75
07/06/2021,2021,7,6,22.7,13.5,18.1,0,0,34.333333333333336
07/07/2021,2021,7,7,21.9,14.8,18.4,0,0,42
07/08/2021,2021,7,8,21.8,14.1,18,0,0,38
07/09/2021,2021,7,9,24,16.2,20.1,0,0,35
07/10/2021,2021,7,10,25.2,13.9,19.6,0,0,31
07/11/2021,2021,7,11,23.4,13.5,18.5,0,0,36.5
07/12/2021,2021,7,12,23.3,14,18.7,0,0,34.666666666666664
13/07/2021,2021,7,13,24.7,13.8,19.3,0,0,33
14/07/2021,2021,7,14,24.7,13.6,19.2,0,0,31
15/07/2021,2021,7,15,21.5,12.8,17.2,0,0,41
16/07/2021,2021,7,16,21.6,12.7,17.2,0,0,37
17/07/2021,2021,7,17,24.3,14.8,19.6,0,0,39
18/07/2021,2021,7,18,23.1,12.8,18,0,0,34
19/07/2021,2021,7,19,26.7,13.9,20.3,0,0,37
20/07/2021,2021,7,20,23.8,14.9,19.4,0,0,38
21/07/2021,2021,7,21,21.9,13.2,17.6,0,0,41
22/07/2021,2021,7,22,21.7,12.8,17.3,0,0,37.5
23/07/2021,2021,7,23,24.3,15.4,19.9,0,0,37
24/07/2021,2021,7,24,25.1,14.3,19.7,0,0,38.666666666666664
25/07/2021,2021,7,25,25.1,14.7,19.9,0,0,39
26/07/2021,2021,7,26,25.8,13.6,19.7,0,0,32
27/07/2021,2021,7,27,24.4,14.5,19.5,0,0,34.5
28/07/2021,2021,7,28,26.5,14.2,20.4,0,0,32
29/07/2021,2021,7,29,25.8,15.5,20.7,0,0,32
30/07/2021,2021,7,30,28.1,15.2,21.7,0,0,32
31/07/2021,2021,7,31,26.1,17.6,21.9,0,0,41.220186987216174
08/01/2021,2021,8,1,26.2,17.7,22,0,0,41.220186987216174
08/02/2021,2021,8,2,23.4,15.6,19.5,0,0,31
08/03/2021,2021,8,3,25.2,15.9,20.6,0,0,31
08/04/2021,2021,8,4,25.2,15.3,20.3,0,0,31
08/05/2021,2021,8,5,28.9,17,23,0,0,31
08/06/2021,2021,8,6,23.6,17.7,20.7,0,0,40
08/07/2021,2021,8,7,22.2,14,18.1,0,22.1,54
08/08/2021,2021,8,8,22.3,15.2,18.8,0,0.6,48
08/09/2021,2021,8,9,23,14.9,19,0,0,31
08/10/2021,2021,8,10,24.1,15.4,19.8,0,0,32
08/11/2021,2021,8,11,25.7,15.8,20.8,0,0,33
08/12/2021,2021,8,12,27.6,18.8,23.2,0,0,42
13/08/2021,2021,8,13,28.9,16.6,22.8,0,0,34.5
14/08/2021,2021,8,14,28.1,16.7,22.4,0,0,33
15/08/2021,2021,8,15,24.9,15.8,20.4,0,0,39
16/08/2021,2021,8,16,21.2,16.2,18.7,0,0,38
17/08/2021,2021,8,17,21.1,14.5,17.8,0,0.2,41
18/08/2021,2021,8,18,20.8,13,16.9,0,0,37.666666666666664
19/08/2021,2021,8,19,22.7,14.1,18.4,0,0,40
20/08/2021,2021,8,20,18.8,13.7,16.3,0,1.6,41
21/08/2021,2021,8,21,21.9,14.8,18.4,0,0,36
22/08/2021,2021,8,22,22.6,14.7,18.7,0,0,35
23/08/2021,2021,8,23,20.3,12.8,16.6,0,0.3,31
24/08/2021,2021,8,24,22.2,9.4,15.8,0,0,34
25/08/2021,2021,8,25,25.3,11.2,18.3,0,0,34
26/08/2021,2021,8,26,17.5,15.1,16.3,0,3.1,34
27/08/2021,2021,8,27,20.1,14.2,17.2,0,7,33
28/08/2021,2021,8,28,21,9.9,15.5,0,0,33.5
29/08/2021,2021,8,29,21.2,12.5,16.9,0,0,33.5
30/08/2021,2021,8,30,18.3,13.3,15.8,0,0,44
31/08/2021,2021,8,31,20.2,11.2,15.7,0,1.8,38.5
09/01/2021,2021,9,1,18.8,8.8,13.8,0,0,44
09/02/2021,2021,9,2,20.9,10.5,15.7,0,0,44
09/03/2021,2021,9,3,23.9,11.4,17.7,0,0,44
09/04/2021,2021,9,4,19.8,12.4,16.1,0,13.5,32
09/05/2021,2021,9,5,19.4,14.9,17.2,0,0,32
09/06/2021,2021,9,6,21.4,12.7,17.1,0,0,32
09/07/2021,2021,9,7,21.9,12,17,0,0,32
09/08/2021,2021,9,8,24.3,14.5,19.4,0,0.8,35
09/09/2021,2021,9,9,26,14.6,20.3,0,0,35
09/10/2021,2021,9,10,23.5,15,19.3,0,0,34
09/11/2021,2021,9,11,17.3,14.4,15.9,0,5.3,34
09/12/2021,2021,9,12,18.1,12.9,15.5,0,0.7,34
13/09/2021,2021,9,13,18.1,10.5,14.3,0,0,34
14/09/2021,2021,9,14,14.5,12.2,13.4,0,11.6,34
15/09/2021,2021,9,15,17.2,11.9,14.6,0,0,62
16/09/2021,2021,9,16,15.8,6,10.9,0,0,35
17/09/2021,2021,9,17,14.2,10.9,12.6,0,50.9,59
18/09/2021,2021,9,18,18.7,11.9,15.3,0,8.6,43
19/09/2021,2021,9,19,15.6,11,13.3,0,2.2,31
20/09/2021,2021,9,20,17.1,10.3,13.7,0,0,42
21/09/2021,2021,9,21,17.9,8.2,13.1,0,0,44.333333333333336
22/09/2021,2021,9,22,17.9,12.3,15.1,0,1.5,32
23/09/2021,2021,9,23,17.1,11,14.1,0,0,31.5
24/09/2021,2021,9,24,18.3,8.6,13.5,0,0,32
25/09/2021,2021,9,25,22.3,10.2,16.3,0,0,32
26/09/2021,2021,9,26,15.4,12.2,13.8,0,21.4,39
27/09/2021,2021,9,27,16.9,11.5,14.2,0,6.3,45
28/09/2021,2021,9,28,17.1,11.5,14.3,0,6.8,40
29/09/2021,2021,9,29,12.8,10.4,11.6,0,11.3,40
30/09/2021,2021,9,30,15.4,11,13.2,0,14.1,50
10/01/2021,2021,10,1,14.8,7.8,11.3,0,0,43.75
10/02/2021,2021,10,2,14.2,8.8,11.5,0,0,43.333333333333336
10/03/2021,2021,10,3,14.3,9.9,12.1,0,0.4,37
10/04/2021,2021,10,4,14.4,8.5,11.5,0,0,43.5
10/05/2021,2021,10,5,14.2,7.2,10.7,0,4.5,67
10/06/2021,2021,10,6,12.9,5.2,9.1,0,0,34
10/07/2021,2021,10,7,13,5.2,9.1,0,0,46
10/08/2021,2021,10,8,12.5,5.6,9.1,0,0,50.5
10/09/2021,2021,10,9,11.8,5.4,8.6,0,11.6,37
10/10/2021,2021,10,10,12.8,8.6,10.7,0,0,59
10/11/2021,2021,10,11,11.2,3.4,7.3,0,0,45
10/12/2021,2021,10,12,9.3,2.9,6.1,0,1.8,46
13/10/2021,2021,10,13,9.9,4.6,7.3,0,2.7,46.75
14/10/2021,2021,10,14,10,7.2,8.6,0,1.1,50
15/10/2021,2021,10,15,11.9,9.6,10.8,0,30.1,42
16/10/2021,2021,10,16,14.4,11,12.7,0,43.3,44
17/10/2021,2021,10,17,12.9,9,11,0,7.2,40
18/10/2021,2021,10,18,12.5,6.1,9.3,0,0,42
19/10/2021,2021,10,19,14.1,2.4,8.3,0,0,42
20/10/2021,2021,10,20,13.4,6.8,10.1,0,7.7,36
21/10/2021,2021,10,21,17.9,10.2,14.1,0,3.8,57
22/10/2021,2021,10,22,13.1,8.1,10.6,0,4.8,55
23/10/2021,2021,10,23,11.6,9.1,10.4,0,0.6,35
24/10/2021,2021,10,24,13.1,9.3,11.2,0,3.5,58
25/10/2021,2021,10,25,13.1,10.8,12,0,1.9,68
26/10/2021,2021,10,26,12,8.7,10.4,0,4.4,48
27/10/2021,2021,10,27,13.3,7.4,10.4,0,0.3,42
28/10/2021,2021,10,28,9.7,7.7,8.7,0,18.7,33
29/10/2021,2021,10,29,10.3,4.4,7.4,0,0,50
30/10/2021,2021,10,30,9.4,0,4.7,0,0,37
31/10/2021,2021,10,31,9.7,-0.7,4.5,0,0,40.5
11/01/2021,2021,11,1,9.8,-0.5,4.7,0,6.6,32
11/02/2021,2021,11,2,11.3,5.2,8.3,0,10.8,48
11/03/2021,2021,11,3,12.8,9.7,11.3,0,10.7,41
11/04/2021,2021,11,4,13.8,7.9,10.9,0,15.7,51
11/05/2021,2021,11,5,11.2,7.1,9.2,0,4.9,58
11/06/2021,2021,11,6,8.6,5.1,6.9,0,3.8,55
11/07/2021,2021,11,7,8.8,3.9,6.4,0,6.2,50
11/08/2021,2021,11,8,10.5,4.2,7.4,0,0.6,39
11/09/2021,2021,11,9,12.1,6.4,9.3,0,15.2,85
11/10/2021,2021,11,10,9.1,4,6.6,0,0.3,57.25
11/11/2021,2021,11,11,9.7,6.3,8,0,13.3,34
11/12/2021,2021,11,12,13,6.8,9.9,0,1,35
13/11/2021,2021,11,13,9,3.9,6.5,0,19.9,42
14/11/2021,2021,11,14,12.4,5.6,9,0,52.5,39
15/11/2021,2021,11,15,12.4,5.3,8.9,0,47.8,88
16/11/2021,2021,11,16,7.8,1.1,4.5,0,0,47
17/11/2021,2021,11,17,6.5,-1.5,2.5,0,0,54
18/11/2021,2021,11,18,9.775,2.6250000000000018,6.225,0,6.6,35
19/11/2021,2021,11,19,7.5,2.2,4.9,0,0,44
20/11/2021,2021,11,20,7.3,2.7,5,0,0,42
21/11/2021,2021,11,21,9.5,1.9,5.7,0,0,39.5
22/11/2021,2021,11,22,8.4,-0.1,4.2,0,0,41
23/11/2021,2021,11,23,8.6,4.9,6.8,0,0,54
24/11/2021,2021,11,24,7.5,2.5,5,0,2,32
25/11/2021,2021,11,25,7.4,5.1,6.3,0,27.3,45
26/11/2021,2021,11,26,10.9,5.9,8.4,0,2.8,32
27/11/2021,2021,11,27,11.8,6.5,9.2,0,20.2,33
28/11/2021,2021,11,28,12.3,8.8,10.6,0,24.6,37
29/11/2021,2021,11,29,12.8,9.7,11.3,0,3.1,33
30/11/2021,2021,11,30,11.1,9.4,10.3,0,16.5,43
12/01/2021,2021,12,1,12.5,8.8,10.7,0,1.7,56
12/02/2021,2021,12,2,10.4,1.8,6.1,0,0,58
12/03/2021,2021,12,3,6.3,-1.9,2.2,0,0,32
12/04/2021,2021,12,4,5.2,1.7,3.5,0,2.7,43
12/05/2021,2021,12,5,4.4,-2.5,1,0,0,42
12/06/2021,2021,12,6,3.8,0.1,2,2.4,6.2,43.75
12/07/2021,2021,12,7,7,2.5,4.8,0,3.4,36
12/08/2021,2021,12,8,8.4,0.3,4.4,0,0,65
12/09/2021,2021,12,9,6.2,-0.2,3,0,0.6,33
12/10/2021,2021,12,10,6.6,-1.1,2.8,0,11.3,52
12/11/2021,2021,12,11,8.3,1.4,4.9,0,5.6,53
12/12/2021,2021,12,12,5.1,1.1,3.1,0,3.9,42
13/12/2021,2021,12,13,5.9,2,4,0,8.4,47
14/12/2021,2021,12,14,4.7,0.4,2.6,0,0.8,38
15/12/2021,2021,12,15,7.3,2.5,4.9,0,0,47
16/12/2021,2021,12,16,6.3,-0.3,3,0,0.7,47
17/12/2021,2021,12,17,2.2,-2.1,0.1,0,1.9,31
18/12/2021,2021,12,18,7.9,0.6,4.3,0,31.3,46
19/12/2021,2021,12,19,5.8,-2.5,1.7,0,0,31
20/12/2021,2021,12,20,2.4,-4.5,-1.1,0,0,38.75
21/12/2021,2021,12,21,1.4,-6.2,-2.4,0,6.5,36
22/12/2021,2021,12,22,8.9,0.9,4.9,0,3.4,46
23/12/2021,2021,12,23,7,1.8,4.4,0,2.4,46
24/12/2021,2021,12,24,3.6,0.1,1.9,6.9,8.7,39
25/12/2021,2021,12,25,0.6,-5.8,-2.6,2.2,1.6,42
26/12/2021,2021,12,26,-5.7,-10.8,-8.3,4,3,43.25
27/12/2021,2021,12,27,-7.8,-15.3,-11.6,1,0.8,42.333333333333336
28/12/2021,2021,12,28,-4.4,-12.8,-8.6,0,0,40.5
29/12/2021,2021,12,29,-4.1,-11.7,-7.9,0.2,0,42
30/12/2021,2021,12,30,-0.7,-8.1,-4.4,19,0.9500000000000005,32
31/12/2021,2021,12,31,-2.5,-10.9,-6.7,0,0,32
01/01/2022,2022,1,1,1.4,-9.8,-4.2,0,0,49
01/02/2022,2022,1,2,5,0.5,2.8,3.7,8.6,68
01/03/2022,2022,1,3,5.4,1.6,3.5,0,7.6,62
01/04/2022,2022,1,4,4.9,0.2,2.6,0.4,7,46
01/05/2022,2022,1,5,0.8,-3.4,-1.3,0.9,0.9,56.25
01/06/2022,2022,1,6,3.9,-3.5,0.2,12,16.4,38
01/07/2022,2022,1,7,4.6,1.3,3,0,7.6,83
01/08/2022,2022,1,8,3.4,-2.1,0.7,0,3,32
01/09/2022,2022,1,9,6.7,-1.5,2.6,0,0,51
01/10/2022,2022,1,10,8.5,-1.4,3.6,0,4.6,38
01/11/2022,2022,1,11,10,6.7,8.4,0,17.7,41
01/12/2022,2022,1,12,11.5,8.9,10.2,0,29.3,38
13/01/2022,2022,1,13,11.1,3.9,7.5,0,0.2,39
14/01/2022,2022,1,14,9.8,5.1,7.5,0,0,39
15/01/2022,2022,1,15,7,3.3,5.2,0,0.2,39.5
16/01/2022,2022,1,16,6.5,4.7,5.6,0,0,38
17/01/2022,2022,1,17,7.3,4,5.7,0,1.7,41.220186987216174
18/01/2022,2022,1,18,7,5.5,6.3,0,3.1,41.220186987216174
19/01/2022,2022,1,19,9.6,6.5,8.1,0,8,41.220186987216174
20/01/2022,2022,1,20,11.7,6.1,8.9,0,11,50
21/01/2022,2022,1,21,7.6,2.2,4.9,0,0,50
22/01/2022,2022,1,22,7,1.4,4.2,0,0,50
23/01/2022,2022,1,23,4.3,0,2.2,0,0,50
24/01/2022,2022,1,24,4.3,2.2,3.3,0,0,50
25/01/2022,2022,1,25,3,1.3,2.2,0,0,41.220186987216174
26/01/2022,2022,1,26,3.4,1.2,2.3,0,0,41.220186987216174
27/01/2022,2022,1,27,4.8,-0.4,2.2,0,0,41.220186987216174
28/01/2022,2022,1,28,8,-2.2,2.9,0,0,41.220186987216174
29/01/2022,2022,1,29,7,-0.2,3.4,0,6.4,41.220186987216174
30/01/2022,2022,1,30,7.6,4.6,6.1,0,14,59
31/01/2022,2022,1,31,7,3.7,5.4,0,0,54
02/01/2022,2022,2,1,6.1,-0.4,2.9,0,0,48
02/02/2022,2022,2,2,2,-1.8,0.1,0,0.3,53.666666666666664
02/03/2022,2022,2,3,5.9,1.8,3.9,0,7.3,53.666666666666664
02/04/2022,2022,2,4,8.6,3.8,6.2,0,3.3,46
02/05/2022,2022,2,5,7.5,3.9,5.7,0,0,52
02/06/2022,2022,2,6,7.4,-0.4,3.5,0,0,49
02/07/2022,2022,2,7,11.8,2.9,7.4,0,0,33
02/08/2022,2022,2,8,8,2.9,5.5,0,2.9,43.666666666666664
02/09/2022,2022,2,9,8.7,5.8,7.3,0,0.9,42.5
02/10/2022,2022,2,10,6.8,3.4,5.1,0,0.2,33
02/11/2022,2022,2,11,8,2.2,5.1,0,0,38
02/12/2022,2022,2,12,7.4,-0.2,3.6,0,0,38
13/02/2022,2022,2,13,9.6,-0.8,4.4,0,0,38
14/02/2022,2022,2,14,8.4,3.3,5.9,0,3.5,38
15/02/2022,2022,2,15,8.8,3.4,6.1,0,0,38
16/02/2022,2022,2,16,9.1,1.8,5.5,0,0,41.220186987216174
17/02/2022,2022,2,17,9.5,4.3,6.9,0,0,41.220186987216174
18/02/2022,2022,2,18,8.1,3.5,5.8,0,0,41.220186987216174
19/02/2022,2022,2,19,8.4,3,5.7,0,3.6,35
20/02/2022,2022,2,20,8,3.6,5.8,0,0,49
21/02/2022,2022,2,21,7.7,-0.8,3.5,0,0.9,41
22/02/2022,2022,2,22,2.8,-3.2,-0.2,0,0,40
23/02/2022,2022,2,23,1.5,-6.8,-2.7,0,0,33
24/02/2022,2022,2,24,4,-5.2,-0.6,2.2,0.22500000000000087,40.75
25/02/2022,2022,2,25,5.4,-4.6,0.4,0,0,32
26/02/2022,2022,2,26,11.2,-3.1,4.1,0,6.2,60
27/02/2022,2022,2,27,10.7,4.4,7.6,0,19.3,42
28/02/2022,2022,2,28,8.5,6.4,7.5,0,11.3,39
03/01/2022,2022,3,1,13,7.1,10.1,0,3.5,32
03/02/2022,2022,3,2,11.4,5.9,8.7,0,4.7,32
03/03/2022,2022,3,3,9.7,4.8,7.3,0,0.2,36.25
03/04/2022,2022,3,4,8.8,4.5,6.7,0,0,45
03/05/2022,2022,3,5,8.9,3.3,6.1,0,0,39
03/06/2022,2022,3,6,9.7,-0.7,4.5,0,0,38.666666666666664
03/07/2022,2022,3,7,9.8,2.8,6.3,0,0,42
03/08/2022,2022,3,8,9.9,4.1,7,0,0.3,42
03/09/2022,2022,3,9,7.8,-1.3,3.3,0,0,35
03/10/2022,2022,3,10,6.9,-2.2,2.4,0,0,35
03/11/2022,2022,3,11,5.6,2.2,3.9,0,3.3,35
03/12/2022,2022,3,12,11.2,3.2,7.2,0,14.1,43
13/03/2022,2022,3,13,11.1,5.5,8.3,0,8.3,39
14/03/2022,2022,3,14,8.2,6,7.1,0,35.9,46
15/03/2022,2022,3,15,9.9,5.5,7.7,0,3.2,38
16/03/2022,2022,3,16,11.3,1.6,6.5,0,0,37
17/03/2022,2022,3,17,7.7,5.4,6.6,0,17.5,40.333333333333336
18/03/2022,2022,3,18,9.9,5.6,7.8,0,4.1,40.333333333333336
19/03/2022,2022,3,19,10,5.9,8,0,2,46
20/03/2022,2022,3,20,7.4,1.3,4.4,0,8.1,41
21/03/2022,2022,3,21,8.4,4.6,6.5,0,21.6,32
22/03/2022,2022,3,22,12.7,6.9,9.8,0,7.9,39.666666666666664
23/03/2022,2022,3,23,12.3,5.5,8.9,0,4,51
24/03/2022,2022,3,24,9.8,1.5,5.7,0,0,41.333333333333336
25/03/2022,2022,3,25,12.5,4.8,8.7,0,0,41.5
26/03/2022,2022,3,26,12.6,7.2,9.9,0,6,51
27/03/2022,2022,3,27,12.1,7.8,10,0,2,34
28/03/2022,2022,3,28,11.2,5.4,8.3,0,3.9,38
29/03/2022,2022,3,29,15.1,4.2,9.7,0,1.6,31
30/03/2022,2022,3,30,12.1,5.7,8.9,0,0.8,34.333333333333336
31/03/2022,2022,3,31,10.6,5.9,8.3,0,0,41
04/01/2022,2022,4,1,9.4,5.6,7.5,0,2.2,32
04/02/2022,2022,4,2,12,4.3,8.2,0,0.4,35
04/03/2022,2022,4,3,9.2,6,7.6,0,16.6,57
04/04/2022,2022,4,4,9.7,6,7.9,0,5.4,67
04/05/2022,2022,4,5,11.3,5.4,8.4,0,0.3,54
04/06/2022,2022,4,6,10.6,2.4,6.5,0,0,33
04/07/2022,2022,4,7,13.3,5.9,9.6,0,0.2,52.75
04/08/2022,2022,4,8,11.8,6.8,9.3,0,4.4,57
04/09/2022,2022,4,9,9.5,5.3,7.4,0,0,48
04/10/2022,2022,4,10,9.2,2.7,6,0,1.4,33
04/11/2022,2022,4,11,13.2,1,7.1,0,0,53
04/12/2022,2022,4,12,8,2.5,5.3,0,8.6,57
13/04/2022,2022,4,13,9.7,0.1,4.9,0,0.2,31
14/04/2022,2022,4,14,10.9,-1.7,4.6,0,0,34
15/04/2022,2022,4,15,8.8,2.5,5.7,0,4.3,43.75
16/04/2022,2022,4,16,10.9,-1.2,4.9,0,0,40
17/04/2022,2022,4,17,12.6,2.9,7.8,0,0,33
18/04/2022,2022,4,18,11.8,5.5,8.7,0,19.2,69
19/04/2022,2022,4,19,11.1,5.7,8.4,0,0,34
20/04/2022,2022,4,20,14.1,2.4,8.3,0,5,69
21/04/2022,2022,4,21,12.7,5.8,9.3,0,9.3,33
22/04/2022,2022,4,22,13.1,5.8,9.5,0,0,51.25
23/04/2022,2022,4,23,15.1,3.8,9.5,0,0,45.333333333333336
24/04/2022,2022,4,24,16.9,5.2,11.1,0,1,44
25/04/2022,2022,4,25,13.6,7.5,10.6,0,6.2,37
26/04/2022,2022,4,26,11.8,3.9,7.9,0,1,35
27/04/2022,2022,4,27,11.6,3.7,7.7,0,0,38.666666666666664
28/04/2022,2022,4,28,12,2.9,7.5,0,0,38.666666666666664
29/04/2022,2022,4,29,15.3,6.5,10.9,0,0,40
30/04/2022,2022,4,30,14.2,8.2,11.2,0,8.9,32
05/01/2022,2022,5,1,15.7,5.1,10.4,0,0,36
05/02/2022,2022,5,2,14.6,9.1,11.9,0,2.3,35
05/03/2022,2022,5,3,13.3,8.6,11,0,2.3,36
05/04/2022,2022,5,4,12.3,7.9,10.1,0,1.9,34.333333333333336
05/05/2022,2022,5,5,10.7,8.1,9.4,0,11.6,39
05/06/2022,2022,5,6,12.724999999999998,8.425,10.6,0,0,35
05/07/2022,2022,5,7,13.7,5.6,9.7,0,0,50
05/08/2022,2022,5,8,11.6,5.9,8.8,0,3.2,41.333333333333336
05/09/2022,2022,5,9,13.9,7,10.5,0,3.5,33
05/10/2022,2022,5,10,15,7.6,11.3,0,0.9,37
05/11/2022,2022,5,11,14.1,7.2,10.7,0,0.9,40
05/12/2022,2022,5,12,10.5,6.8,8.7,0,6.6,58
13/05/2022,2022,5,13,13.2,4.4,8.8,0,1.5,39
14/05/2022,2022,5,14,14,7.2,10.6,0,3.8,43.5
15/05/2022,2022,5,15,13.9,10.7,12.3,0,24.3,41
16/05/2022,2022,5,16,15.7,7.9,11.8,0,1.1,48
17/05/2022,2022,5,17,14.6,6.4,10.5,0,0,37
18/05/2022,2022,5,18,15.5,8.2,11.9,0,5.7,62
19/05/2022,2022,5,19,14.7,8,11.4,0,0,56
20/05/2022,2022,5,20,15,3.9,9.5,0,0,31
21/05/2022,2022,5,21,17.8,5.4,11.6,0,0,46.5
22/05/2022,2022,5,22,19.6,8,13.8,0,0,40
23/05/2022,2022,5,23,16.7,11.7,14.2,0,0,35
24/05/2022,2022,5,24,15.6,10.2,12.9,0,0,35.333333333333336
25/05/2022,2022,5,25,18.6,10.4,14.5,0,0.6,37.5
26/05/2022,2022,5,26,16.2,10.3,13.3,0,8.8,37.5
27/05/2022,2022,5,27,15.7,10,12.9,0,8,43
28/05/2022,2022,5,28,15,8.6,11.8,0,0,35
29/05/2022,2022,5,29,15.8,10.9,13.4,0,0,33
30/05/2022,2022,5,30,14.4,9.6,12,0,5.1,37
31/05/2022,2022,5,31,17.5,11.3,14.4,0,0,37
06/01/2022,2022,6,1,18.2,10.3,14.3,0,0,34
06/02/2022,2022,6,2,20.4,13.2,16.8,0,0,33
06/03/2022,2022,6,3,17.4,13.8,15.6,0,9,36
06/04/2022,2022,6,4,20.6,12.4,16.5,0,8,37
06/05/2022,2022,6,5,19.8,12.3,16.1,0,12.5,35
06/06/2022,2022,6,6,17.4,9.2,13.3,0,0,36
06/07/2022,2022,6,7,18,8.9,13.5,0,0.8,36
06/08/2022,2022,6,8,19.8,12.7,16.3,0,0.2,32
06/09/2022,2022,6,9,14.8,12.5,13.7,0,26.3,39
06/10/2022,2022,6,10,20.9,13,17,0,0.6,35.666666666666664
06/11/2022,2022,6,11,19.9,11.8,15.9,0,0.2,31
06/12/2022,2022,6,12,16.9,12.2,14.6,0,4.5,34
13/06/2022,2022,6,13,16.9,12.5,14.7,0,0,48
14/06/2022,2022,6,14,17.8,11.7,14.8,0,0,49
15/06/2022,2022,6,15,15.7,11.9,13.8,0,0.6,40.5
16/06/2022,2022,6,16,18.2,11.8,15,0,0.6,43.666666666666664
17/06/2022,2022,6,17,18.3,10.1,14.2,0,0.4,44
18/06/2022,2022,6,18,18.6,11.7,15.2,0,4.5,46.5
19/06/2022,2022,6,19,18.3,12.2,15.3,0,0,44
20/06/2022,2022,6,20,19.4,10.9,15.2,0,0,37
21/06/2022,2022,6,21,18.1,13.2,15.7,0,0.2,36
22/06/2022,2022,6,22,18.6,13,15.8,0,0,44
23/06/2022,2022,6,23,18.1,11,14.6,0,0,54
24/06/2022,2022,6,24,20.6,6.6,13.6,0,0,42.75
25/06/2022,2022,6,25,22.9,10.3,16.6,0,0,44.666666666666664
26/06/2022,2022,6,26,23.8,13,18.4,0,0,32
27/06/2022,2022,6,27,26.2,14.1,20.2,0,0,43
28/06/2022,2022,6,28,21.2,14.1,17.7,0,1.3,36
29/06/2022,2022,6,29,21.2,13.3,17.3,0,0,33
30/06/2022,2022,6,30,21.3,11.9,16.6,0,0,33.666666666666664
07/01/2022,2022,7,1,23.4,13.5,18.5,0,0,37
07/02/2022,2022,7,2,20.5,12.3,16.4,0,0,35.333333333333336
07/03/2022,2022,7,3,15.7,12.8,14.3,0,9.7,32
07/04/2022,2022,7,4,17.6,12.6,15.1,0,2.6,34.5
07/05/2022,2022,7,5,20.7,14,17.4,0,0,34.5
07/06/2022,2022,7,6,22,15.9,19,0,1.5,32
07/07/2022,2022,7,7,22.9,15.2,19.1,0,11,32
07/08/2022,2022,7,8,21.2,14.8,18,0,0,41.220186987216174
07/09/2022,2022,7,9,21.4,14,17.7,0,0,41.220186987216174
07/10/2022,2022,7,10,23.2,14.8,19,0,0,41.220186987216174
07/11/2022,2022,7,11,24.3,12.8,18.6,0,0,41.220186987216174
07/12/2022,2022,7,12,22.4,14.4,18.4,0,0,42
13/07/2022,2022,7,13,20.9,15.6,18.3,0,0,48
14/07/2022,2022,7,14,22.7,14.400000000000002,18.575,0,0,36
15/07/2022,2022,7,15,20.4,15,17.7,0,1.3,36
16/07/2022,2022,7,16,22.5,14.5,18.5,0,0,33
17/07/2022,2022,7,17,18.5,13.3,15.9,0,1.8,38.25
18/07/2022,2022,7,18,20.6,13.9,17.3,0,0,32
19/07/2022,2022,7,19,21.7,12.5,17.1,0,0,31
20/07/2022,2022,7,20,23.4,13,18.2,0,0,32
21/07/2022,2022,7,21,23.2,15.3,19.3,0,0,36
22/07/2022,2022,7,22,21.7,14,17.9,0,0,40
23/07/2022,2022,7,23,20.8,12.5,16.7,0,0,34
24/07/2022,2022,7,24,22.8,13.4,18.1,0,0,36.666666666666664
25/07/2022,2022,7,25,24.4,16.4,20.4,0,0,37
26/07/2022,2022,7,26,27,18.2,22.6,0,0,37
27/07/2022,2022,7,27,30.4,18.5,24.5,0,0,39
28/07/2022,2022,7,28,27.9,17.9,22.9,0,0,38
29/07/2022,2022,7,29,28.6,18.2,23.4,0,0,38
30/07/2022,2022,7,30,28.8,18.1,23.5,0,0,39
31/07/2022,2022,7,31,27.8,18.6,23.2,0,0,39
08/01/2022,2022,8,1,24.4,16.8,20.6,0,0,41.220186987216174
08/02/2022,2022,8,2,22.7,17.3,20,0,0,36
08/03/2022,2022,8,3,21.6,15.3,18.5,0,5.9,39
08/04/2022,2022,8,4,20.4,15.1,17.8,0,0,35
08/05/2022,2022,8,5,22.2,11.8,17,0,0,46
08/06/2022,2022,8,6,23.6,13.9,18.8,0,0,36
08/07/2022,2022,8,7,24.2,15,19.6,0,0,39
08/08/2022,2022,8,8,24,15.1,19.6,0,0,32
08/09/2022,2022,8,9,24.6,15.4,20,0,0,38
08/10/2022,2022,8,10,24.1,14.850000000000003,19.5,0,0.5,37
08/11/2022,2022,8,11,24.26666666666667,15.166666666666671,19.73333333333333,0,0,34.5
08/12/2022,2022,8,12,24.6,13.2,18.9,0,0,33
13/08/2022,2022,8,13,24.2,16.1,20.2,0,0,35
14/08/2022,2022,8,14,23.9,15,19.5,0,0,32
15/08/2022,2022,8,15,26.4,14.8,20.6,0,0,33
16/08/2022,2022,8,16,24.6,16,20.3,0,0,32.666666666666664
17/08/2022,2022,8,17,25.9,14.9,20.4,0,0,33
18/08/2022,2022,8,18,26.8,17.3,22.1,0,0,32
19/08/2022,2022,8,19,26.9,18.6,22.8,0,0,37
20/08/2022,2022,8,20,24.8,17.4,21.1,0,0,45
21/08/2022,2022,8,21,23.7,17.9,20.8,0,0,32
22/08/2022,2022,8,22,25.1,14.5,19.8,0,0,36.5
23/08/2022,2022,8,23,23.8,14.2,19,0,0,38
24/08/2022,2022,8,24,25.2,16.2,20.7,0,0,38.5
25/08/2022,2022,8,25,26.1,17.1,21.6,0,0,32
26/08/2022,2022,8,26,20.9,15.3,18.1,0,0,38
27/08/2022,2022,8,27,21.2,15.4,18.3,0,0,60
28/08/2022,2022,8,28,22.6,12.8,17.7,0,0,33
29/08/2022,2022,8,29,24.8,14.5,19.7,0,0,43.666666666666664
30/08/2022,2022,8,30,25.5,16.1,20.8,0,0,43.666666666666664
31/08/2022,2022,8,31,23.525000000000002,14.700000000000003,19.125,0,0,46.5
09/01/2022,2022,9,1,24.3,14.466666666666669,19.400000000000002,0,0,33
09/02/2022,2022,9,2,23.5,15,19.3,0,0,41.220186987216174
09/03/2022,2022,9,3,23.2,14.6,18.9,0,0,39
09/04/2022,2022,9,4,20.2,15.3,17.8,0,4.9,39
09/05/2022,2022,9,5,19.8,11.8,15.8,0,0,39
09/06/2022,2022,9,6,21.4,9.8,15.6,0,0,39
09/07/2022,2022,9,7,21,12.6,16.8,0,0,67
09/08/2022,2022,9,8,18.9,9.2,14.1,0,0,53
09/09/2022,2022,9,9,19.6,12.8,16.2,0,0,40
09/10/2022,2022,9,10,23.6,11.2,17.4,0,0,53.333333333333336
09/11/2022,2022,9,11,26.3,12.2,19.3,0,0,34
09/12/2022,2022,9,12,22.9,14.6,18.8,0,0,42.333333333333336
13/09/2022,2022,9,13,19.8,11.1,15.5,0,0,37
14/09/2022,2022,9,14,20.6,13.7,17.2,0,0,33
15/09/2022,2022,9,15,17.9,13.8,15.9,0,0.3,33.5
16/09/2022,2022,9,16,17.9,12.1,15,0,1.6,32
17/09/2022,2022,9,17,17.5,9.2,13.4,0,0,37
18/09/2022,2022,9,18,18.8,10.1,14.5,0,0,36
19/09/2022,2022,9,19,18.025,11.3,14.7,0,0,35
20/09/2022,2022,9,20,20.8,5.7,13.3,0,0,37
21/09/2022,2022,9,21,20.1,6.4,13.3,0,0,36.666666666666664
22/09/2022,2022,9,22,20.4,9.3,14.9,0,0,39
23/09/2022,2022,9,23,17.5,12.8,15.2,0,0,38
24/09/2022,2022,9,24,19.5,12,15.8,0,0,38
25/09/2022,2022,9,25,20.2,9.8,15,0,0,39
26/09/2022,2022,9,26,21.7,9.9,15.8,0,0,39
27/09/2022,2022,9,27,22.1,11,16.6,0,0,41.220186987216174
28/09/2022,2022,9,28,20.3,13.2,16.8,0,0.2,32
29/09/2022,2022,9,29,19.7,11.8,15.8,0,0,32
30/09/2022,2022,9,30,18.6,10.4,14.5,0,0,32
10/01/2022,2022,10,1,19.5,9,14.3,0,0,32
10/02/2022,2022,10,2,19.7,9.8,14.8,0,0,32
10/03/2022,2022,10,3,21,8.3,14.7,0,0,32
10/04/2022,2022,10,4,19.4,11.3,15.4,0,0,32
10/05/2022,2022,10,5,18.1,11.8,15,0,0,41.220186987216174
10/06/2022,2022,10,6,19.4,8.6,14,0,0,41.220186987216174
10/07/2022,2022,10,7,20.4,10,15.2,0,0,41.220186987216174
10/08/2022,2022,10,8,19.4,9.1,14.3,0,0,41.220186987216174
10/09/2022,2022,10,9,18.4,10.4,14.4,0,0,41.220186987216174
10/10/2022,2022,10,10,19.1,9.5,14.3,0,0,63
10/11/2022,2022,10,11,19.325,9.750000000000002,14.55,0,0,56
10/12/2022,2022,10,12,16,5.9,11,0,0,59.5
13/10/2022,2022,10,13,17.7,6.1,11.9,0,0,59.5
14/10/2022,2022,10,14,18.3,6.4,12.4,0,0,59.5
15/10/2022,2022,10,15,17.7,6.4,12.1,0,0,56
16/10/2022,2022,10,16,20.2,6,13.1,0,0,41.220186987216174
17/10/2022,2022,10,17,18.2,10.1,14.2,0,0,41.220186987216174
18/10/2022,2022,10,18,16.6,7,11.8,0,0,41.220186987216174
19/10/2022,2022,10,19,13.9,5.8,9.9,0,0,41.220186987216174
20/10/2022,2022,10,20,17.1,9.2,13.2,0,0,42
21/10/2022,2022,10,21,13,7.6,10.3,0,1.4,47
22/10/2022,2022,10,22,12.3,5.8,9.1,0,0.2,44.5
23/10/2022,2022,10,23,11.9,3.3,7.6,0,6.7,44.5
24/10/2022,2022,10,24,13.3,7.4,10.4,0,13,48
25/10/2022,2022,10,25,10.2,7.4,8.8,0,17.2,49
26/10/2022,2022,10,26,10.2,4.7,7.5,0,4.3,39
27/10/2022,2022,10,27,12.2,8.3,10.3,0,17,55
28/10/2022,2022,10,28,14.2,8.1,11.2,0,2.1,47.75
29/10/2022,2022,10,29,12.8,7.8,10.3,0,0,38
30/10/2022,2022,10,30,11.9,9.9,10.9,0,25.2,41
31/10/2022,2022,10,31,12.3,5.6,9,0,1.6,44.666666666666664
11/01/2022,2022,11,1,9.8,2.1,6,0,0,39.5
11/02/2022,2022,11,2,9.4,2,5.7,0,0,39.5
11/03/2022,2022,11,3,5.8,2.2,4,0,24.2,36
11/04/2022,2022,11,4,11.5,3.4,7.5,0,31.6,94
11/05/2022,2022,11,5,8.8,2.5,5.7,0,0,74
11/06/2022,2022,11,6,5.2,2,3.6,0,14.3,62
11/07/2022,2022,11,7,4.8,0.2,2.5,1.2,2.2,44
11/08/2022,2022,11,8,5.5,-1.4,2.1,0.8,1,48
11/09/2022,2022,11,9,5.6,-4,0.8,0,0,57
11/10/2022,2022,11,10,5.6,2.3,4,0,0,51.333333333333336
11/11/2022,2022,11,11,7.6,1.7,4.7,0,0,46
11/12/2022,2022,11,12,7.5,-1.6,3,0,0,48
13/11/2022,2022,11,13,8.3,0.3,4.3,0,0,31
14/11/2022,2022,11,14,8.2,-1.5,3.4,0,0,31
15/11/2022,2022,11,15,7.2,-1.7,2.8,0,0,31
16/11/2022,2022,11,16,5.3,1.2,3.3,0,0,31
17/11/2022,2022,11,17,11.8,-1.8,5,0,0,31
18/11/2022,2022,11,18,6.6,-5,0.8,0,0,41.220186987216174
19/11/2022,2022,11,19,6.3,-4.7,0.8,0,0,41.220186987216174
20/11/2022,2022,11,20,7.5,-2.6,2.5,0,0.4,41.220186987216174
21/11/2022,2022,11,21,8.7,3.3,6,0,0.5,41.220186987216174
22/11/2022,2022,11,22,8.7,6.4,7.6,0,16,49
23/11/2022,2022,11,23,9.4,3.8,6.6,0,0,49
24/11/2022,2022,11,24,11.7,3.7,7.7,0,0,49
25/11/2022,2022,11,25,10.2,4.1,7.2,0,12.4,50
26/11/2022,2022,11,26,8.6,0.9,4.8,0,0,53
27/11/2022,2022,11,27,8.7,2.4,5.6,0,0,70
28/11/2022,2022,11,28,4.6,-4,0.3,0,0,57.666666666666664
29/11/2022,2022,11,29,1.3,-4.3,-1.5,10,10,55
30/11/2022,2022,11,30,4.3,-1.9,1.2,0,1.2,54
12/01/2022,2022,12,1,-0.4,-4.7,-2.6,0,0,59.666666666666664
12/02/2022,2022,12,2,2.7,-5.7,-1.5,0,0,54.5
12/03/2022,2022,12,3,4.2,-2.8,0.7,0,0,32
12/04/2022,2022,12,4,3.8,-5.6,-0.9,0,0,43
12/05/2022,2022,12,5,2,-6,-2,0,0,32
12/06/2022,2022,12,6,2.9,0.4,1.7,0,0.4,32
12/07/2022,2022,12,7,6.2,2.1,4.2,0,2.3,41
12/08/2022,2022,12,8,6.4,1.2,3.8,0,4.5,45
12/09/2022,2022,12,9,5.2,0.3,2.8,0,2.9,54
12/10/2022,2022,12,10,8.2,3.6,5.9,0,11.3,48
12/11/2022,2022,12,11,7.1,5,6.1,0,0.4,35
12/12/2022,2022,12,12,6.6,0,3.3,0,0,32
13/12/2022,2022,12,13,3.8,0.7,2.3,0,0.3,42.25
14/12/2022,2022,12,14,5.9,-1,2.5,0,0,38.333333333333336
15/12/2022,2022,12,15,5.2,-1.6,1.8,0,0,33.5
16/12/2022,2022,12,16,4.1,-2,1.1,0,0,32
17/12/2022,2022,12,17,3.6,1.2,2.4,0,2.1,41.220186987216174
18/12/2022,2022,12,18,3.2,-6.4,-1.6,5.4,8.8,35
19/12/2022,2022,12,19,-6.2,-8.1,-7.2,4,4,35
20/12/2022,2022,12,20,-6.8,-8.4,-7.6,24.2,24.2,35
21/12/2022,2022,12,21,-7,-12.9,-10,0.2,0.2,33
22/12/2022,2022,12,22,-6.8,-13.5,-10.2,0,0,34
23/12/2022,2022,12,23,2,-8,-3,8,11.9,33
24/12/2022,2022,12,24,7.3,0.8,4.1,0,28.2,35
25/12/2022,2022,12,25,8.4,2.6,5.5,0,16.1,31
26/12/2022,2022,12,26,12.3,6.7,9.5,0,18.2,54
27/12/2022,2022,12,27,9.8,6.4,8.1,0,28.8,46
28/12/2022,2022,12,28,8.1,3.5,5.8,0,3.8,46
29/12/2022,2022,12,29,6.5,3.2,4.9,0,2.9,33
30/12/2022,2022,12,30,10.4,5.2,7.8,0,12.7,39
31/12/2022,2022,12,31,9.6,2.2,5.9,0,3.8,35
01/01/2023,2023,1,1,7.8,2.2,5,0,0,38.25
01/02/2023,2023,1,2,5,-0.2,2.4,0,0,35.666666666666664
01/03/2023,2023,1,3,5.6,0.2,2.9,0,1,37
01/04/2023,2023,1,4,8.4,2.6,5.5,0,1.5,39
01/05/2023,2023,1,5,12.2,5.2,8.7,0,2.3,49
01/06/2023,2023,1,6,10.7,6,8.4,0,3.4,43
01/07/2023,2023,1,7,9.3,7,8.2,0,10.2,35
01/08/2023,2023,1,8,8.3,1.7,5,0,8.1,34
01/09/2023,2023,1,9,9.8,3.8,6.8,0,0.2,51
01/10/2023,2023,1,10,10.6,1.9,6.3,0,1.9,42
01/11/2023,2023,1,11,12.1,0.8,6.5,0,0,40
01/12/2023,2023,1,12,10.7,7.1,8.9,0,18.3,41
13/01/2023,2023,1,13,11.2,9.2,10.2,0,8.1,31
14/01/2023,2023,1,14,13.8,5.9,9.9,0,1.8,32
15/01/2023,2023,1,15,9.3,4.4,6.9,0,3.2,39
16/01/2023,2023,1,16,8.2,6.4,7.3,0,21.2,40
17/01/2023,2023,1,17,7.7,6.2,7,0,14.1,32
18/01/2023,2023,1,18,8.3,4.5,6.4,0,3.3,53
19/01/2023,2023,1,19,8.2,-0.4,3.9,0,0,42
20/01/2023,2023,1,20,7.2,1.6,4.4,0,0,41.75
21/01/2023,2023,1,21,4.9,1.3,3.1,0,11.1,40
22/01/2023,2023,1,22,6.1,3,4.6,0,0,41
23/01/2023,2023,1,23,6.1,2.7,4.4,0,1.8,41
24/01/2023,2023,1,24,6.1,4.6,5.4,0,3.9,40.5
25/01/2023,2023,1,25,7.2,5.3,6.3,0,0,40.5
26/01/2023,2023,1,26,6.1,4.8,5.5,0,2.7,41
27/01/2023,2023,1,27,8.4,3.1,5.8,0,1.3,32
28/01/2023,2023,1,28,7.7,0.2,4,0,0,32
29/01/2023,2023,1,29,3,-4.6,-0.8,0,0,32
30/01/2023,2023,1,30,1.6,-5.9,-2.2,0,0,32
31/01/2023,2023,1,31,1.8,-1.2,0.3,2.8,3.3,32
02/01/2023,2023,2,1,5.9,0.2,3.1,0.4,2.8,32
02/02/2023,2023,2,2,8,0,4,0,0,41.220186987216174
02/03/2023,2023,2,3,9.2,2.5,5.9,0,1,71
02/04/2023,2023,2,4,9.6,7.2,8.4,0,0.9,39
02/05/2023,2023,2,5,8.6,5,6.8,0,3.7,35
02/06/2023,2023,2,6,8.4,5.4,6.9,0,0,43
02/07/2023,2023,2,7,10.8,5.2,8,0,18.4,52
02/08/2023,2023,2,8,7.5,0.2,3.9,0,0,42.25
02/09/2023,2023,2,9,8.4,5.1,6.8,0,1.1,47
02/10/2023,2023,2,10,10.5,3.6,7.1,0,0.2,44
02/11/2023,2023,2,11,7.8,1.1,4.5,0,0,47.666666666666664
02/12/2023,2023,2,12,6.6,4.1,5.4,0,3.5,32
13/02/2023,2023,2,13,8.3,1.2,4.8,0,0.3,79
14/02/2023,2023,2,14,6.4,0.5,3.5,0,0,71
15/02/2023,2023,2,15,6.4,-1.4,2.5,0,0,60.666666666666664
16/02/2023,2023,2,16,6.2,2.3,4.3,0,2.3,32
17/02/2023,2023,2,17,6.6,2.2,4.4,0,4.8,60.666666666666664
18/02/2023,2023,2,18,8.2,4,6.1,0,1.1,36
19/02/2023,2023,2,19,9.2,4.2,6.7,0,0.2,31
20/02/2023,2023,2,20,9.4,5.7,7.6,0,2.9,65
21/02/2023,2023,2,21,8,1.9,5,0,0.4,51
22/02/2023,2023,2,22,2.9,-2.3,0.3,0.2,0.2,45.75
23/02/2023,2023,2,23,2.2,-4.4,-1.1,0,0,42
24/02/2023,2023,2,24,0.2,-7.9,-3.9,0,0,52.666666666666664
25/02/2023,2023,2,25,2,-4.4,-1.2,4,6,33
26/02/2023,2023,2,26,6.1,0.2,3.2,6.7,6.9,60
27/02/2023,2023,2,27,3.7,0.1,1.9,2.3,3.3,31
28/02/2023,2023,2,28,3.7,0,1.9,12.6,14.8,41.333333333333336
03/01/2023,2023,3,1,5.4,-0.9,2.3,0,0.7,41.333333333333336
03/02/2023,2023,3,2,8.6,2.6,5.6,0,2.6,51
03/03/2023,2023,3,3,6.8,1.8,4.3,0,3,40
03/04/2023,2023,3,4,5.9,1.5,3.7,0.3,4.5,42
03/05/2023,2023,3,5,9.1,1.5,5.3,0,0,35
03/06/2023,2023,3,6,10.3,2.8,6.6,0,0.2,42
03/07/2023,2023,3,7,9.1,3.9,6.5,0,0,39
03/08/2023,2023,3,8,10.5,-0.9,4.8,0,0.4,38.5
03/09/2023,2023,3,9,10.8,2.4,6.6,0,0,32
03/10/2023,2023,3,10,8.6,2,5.3,0,0,32
03/11/2023,2023,3,11,8.7,3.2,6,0,2.4,32
03/12/2023,2023,3,12,9.9,2.4,6.2,0,4.9,47
13/03/2023,2023,3,13,10.3,4.5,7.4,0,7.3,48
14/03/2023,2023,3,14,10.1,1.6,5.9,0,0,40
15/03/2023,2023,3,15,9.3,1.2,5.3,0,0.8,41.75
16/03/2023,2023,3,16,8.5,-1.5,3.5,0,0,45
17/03/2023,2023,3,17,9.9,-0.4,4.8,0,0,44
18/03/2023,2023,3,18,13,2.7,7.9,0,0,40
19/03/2023,2023,3,19,11.2,2.4,6.8,0,0,41.220186987216174
20/03/2023,2023,3,20,11,6.3,8.7,0,4.2,41.220186987216174
21/03/2023,2023,3,21,11.5,5.7,8.6,0,0,31
22/03/2023,2023,3,22,12.3,0.6,6.5,0,0,31
23/03/2023,2023,3,23,9.8,6,7.9,0,0.2,41
24/03/2023,2023,3,24,9,2.3,5.7,0,0.3,32
25/03/2023,2023,3,25,7.7,1.3,4.5,0,2.9,36
26/03/2023,2023,3,26,9.2,0,4.6,0,0,36.333333333333336
27/03/2023,2023,3,27,10.5,1.3,5.9,0,0,36.333333333333336
28/03/2023,2023,3,28,16.7,0.3,8.5,0,0,54
29/03/2023,2023,3,29,12.7,2.2,7.5,0,0,33
30/03/2023,2023,3,30,12.274999999999999,0.9500000000000008,6.625000000000001,0,0,31
31/03/2023,2023,3,31,7.6,5.5,6.6,0,4,46
04/01/2023,2023,4,1,10.7,2.9,6.8,0,0,36
04/02/2023,2023,4,2,10.333333333333334,3.5333333333333345,6.966666666666668,0.4,8.1,36.5
04/03/2023,2023,4,3,8.7,0.8,4.8,0,0,37.666666666666664
04/04/2023,2023,4,4,10.7,1.7,6.2,0,0,41
04/05/2023,2023,4,5,10.9,0.8,5.9,0,0,36
04/06/2023,2023,4,6,10.9,6.7,8.8,0,9.9,48
04/07/2023,2023,4,7,14,8.5,11.3,0,5.2,44
04/08/2023,2023,4,8,9.5,7.2,8.4,0,4.4,51
04/09/2023,2023,4,9,11.6,7,9.3,0,9.1,59
04/10/2023,2023,4,10,10.6,4.8,7.7,0,0,50.5
04/11/2023,2023,4,11,10.9,5.1,8,0,6.2,44
04/12/2023,2023,4,12,11.2,-0.8,5.2,0,0,32
13/04/2023,2023,4,13,10.3,3.9,7.1,0,0,31
14/04/2023,2023,4,14,11.2,0.9,6.1,0,0,32
15/04/2023,2023,4,15,11.1,6,8.6,0,5,41
16/04/2023,2023,4,16,11.4,5.6,8.5,0,9.9,49
17/04/2023,2023,4,17,9.6,2.7,6.2,0,1.9,56
18/04/2023,2023,4,18,9.9,5,7.5,0,0.9,53
19/04/2023,2023,4,19,10.9,5,8,0,2.8,42
20/04/2023,2023,4,20,9.6,4,6.8,0,17.9,67
21/04/2023,2023,4,21,11.1,5.2,8.2,0,0.2,54.5
22/04/2023,2023,4,22,11.7,7.1,9.4,0,7.4,31
23/04/2023,2023,4,23,11.5,8.1,9.8,0,8.7,40
24/04/2023,2023,4,24,12.7,3.8,8.3,0,0.2,46
25/04/2023,2023,4,25,14.3,6.6,10.5,0,0,42
26/04/2023,2023,4,26,14.6,7.9,11.3,0,1.4,37.666666666666664
27/04/2023,2023,4,27,14.8,4.7,9.8,0,0,41
28/04/2023,2023,4,28,17,5.6,11.3,0,0,42
29/04/2023,2023,4,29,22.8,7.7,15.3,0,0,37
30/04/2023,2023,4,30,14.8,9.8,12.3,0,0,32
05/01/2023,2023,5,1,14.3,8.2,11.3,0,0,44
05/02/2023,2023,5,2,16.9,9.2,13.1,0,0,36
05/03/2023,2023,5,3,18.7,11.4,15.1,0,0,45
05/04/2023,2023,5,4,19.1,11.7,15.4,0,0,48
05/05/2023,2023,5,5,12.4,9.8,11.1,0,15.6,50
05/06/2023,2023,5,6,13.6,8.5,11.1,0,0,44.75
05/07/2023,2023,5,7,16,7.2,11.6,0,0,42
05/08/2023,2023,5,8,15.2,5.1,10.2,0,0,46.666666666666664
05/09/2023,2023,5,9,16.8,8.4,12.6,0,0,33
05/10/2023,2023,5,10,18.3,7,12.7,0,0,37.5
05/11/2023,2023,5,11,20.8,9.1,15,0,0,37.5
05/12/2023,2023,5,12,23.1,7.6,15.4,0,0,33
13/05/2023,2023,5,13,21.9,9.8,15.9,0,0,36
14/05/2023,2023,5,14,23.7,11.1,17.4,0,0,36
15/05/2023,2023,5,15,24.6,12.4,18.5,0,0,37
16/05/2023,2023,5,16,20.9,15.1,18,0,0,60
17/05/2023,2023,5,17,21.8,12.1,17,0,0,42.25
18/05/2023,2023,5,18,25.4,14.2,19.8,0,0,32
19/05/2023,2023,5,19,22.2,11.9,17.1,0,0,43
20/05/2023,2023,5,20,22.575,13.325000000000001,17.975,0,0,46
21/05/2023,2023,5,21,19.1,11.3,15.2,0,0,38
22/05/2023,2023,5,22,22.23333333333333,12.466666666666669,17.36666666666667,0,0.5,41
23/05/2023,2023,5,23,15,9.6,12.3,0,0,33
24/05/2023,2023,5,24,18.4,9.9,14.2,0,0,37.333333333333336
25/05/2023,2023,5,25,20.8,9.6,15.2,0,0,37.333333333333336
26/05/2023,2023,5,26,21.9,11.3,16.6,0,0,37
27/05/2023,2023,5,27,19.8,13.8,16.8,0,0,32
28/05/2023,2023,5,28,19.2,11.5,15.4,0,0,41
29/05/2023,2023,5,29,20.1,10.1,15.1,0,0,34
30/05/2023,2023,5,30,17.1,10.2,13.7,0,0,34
31/05/2023,2023,5,31,17.9,9.4,13.7,0,0,32
06/01/2023,2023,6,1,18.3,9,13.7,0,0,31
06/02/2023,2023,6,2,21.8,9,15.4,0,0,36
06/03/2023,2023,6,3,22.5,9.4,16,0,0,41
06/04/2023,2023,6,4,20.1,13.3,16.7,0,0,47
06/05/2023,2023,6,5,19.3,12,15.7,0,0,59
06/06/2023,2023,6,6,21.7,13.2,17.5,0,0,48
06/07/2023,2023,6,7,25.7,12.4,19.1,0,0,48.75
06/08/2023,2023,6,8,22.9,12.1,17.5,0,0,38
06/09/2023,2023,6,9,17.3,11.6,14.5,0,5.7,39
06/10/2023,2023,6,10,14.6,11.4,13,0,8.9,41.666666666666664
06/11/2023,2023,6,11,19.9,11.4,15.7,0,0,40
06/12/2023,2023,6,12,21.7,13.1,17.4,0,0,38
13/06/2023,2023,6,13,19.2,13.4,16.3,0,0.9,54
14/06/2023,2023,6,14,17,11.5,14.3,0,0,57
15/06/2023,2023,6,15,21,10.9,16,0,0,41
16/06/2023,2023,6,16,21.2,13.1,17.2,0,0,32
17/06/2023,2023,6,17,18.9,11.9,15.4,0,0,36
18/06/2023,2023,6,18,16.1,9.2,12.7,0,0,36
19/06/2023,2023,6,19,13.8,10.4,12.1,0,4.4,36.25
20/06/2023,2023,6,20,16.1,10.8,13.5,0,0,34.666666666666664
21/06/2023,2023,6,21,19.6,12.2,15.9,0,0,36
22/06/2023,2023,6,22,21.8,10.8,16.3,0,0,36
23/06/2023,2023,6,23,25.2,11.7,18.5,0,0,33
24/06/2023,2023,6,24,19.9,13.4,16.7,0,0,46
25/06/2023,2023,6,25,21.8,10.6,16.2,0,0,39.5
26/06/2023,2023,6,26,23.8,12,17.9,0,0,38
27/06/2023,2023,6,27,22.5,12.5,17.5,0,0,42
28/06/2023,2023,6,28,25.1,13.7,19.4,0,0,42
29/06/2023,2023,6,29,24.4,14.3,19.4,0,0,40.666666666666664
30/06/2023,2023,6,30,22,13.3,17.7,0,0,40.666666666666664
07/01/2023,2023,7,1,22.4,11.9,17.2,0,0,46
07/02/2023,2023,7,2,21.9,14.7,18.3,0,0,54
07/03/2023,2023,7,3,21.8,15,18.4,0,0,43
07/04/2023,2023,7,4,25,15.6,20.3,0,0,42
07/05/2023,2023,7,5,25.5,14.9,20.2,0,0,31
07/06/2023,2023,7,6,26.3,14.5,20.4,0,0,42.5
07/07/2023,2023,7,7,22.8,14.5,18.7,0,0,32
07/08/2023,2023,7,8,22.2,14.1,18.2,0,0,33
07/09/2023,2023,7,9,24,13.6,18.8,0,0,39
07/10/2023,2023,7,10,20.3,13.5,16.9,0,0,42
07/11/2023,2023,7,11,22.7,13.6,18.2,0,0,39
07/12/2023,2023,7,12,24,14.3,19.2,0,0,38.25
13/07/2023,2023,7,13,23.4,13.5,18.5,0,0,34
14/07/2023,2023,7,14,25.1,13.4,19.3,0,0,36
15/07/2023,2023,7,15,29.2,14.4,21.8,0,0,36.333333333333336
16/07/2023,2023,7,16,26.9,13.3,20.1,0,0,39
17/07/2023,2023,7,17,24.7,16.5,20.6,0,0,32
18/07/2023,2023,7,18,22.8,12.8,17.8,0,0,35.666666666666664
19/07/2023,2023,7,19,26.3,13.9,20.1,0,0,35.5
20/07/2023,2023,7,20,28.8,16,22.4,0,0,35.5
21/07/2023,2023,7,21,25.2,15.2,20.2,0,0,32
22/07/2023,2023,7,22,26,14.6,20.3,0,0,36
23/07/2023,2023,7,23,23.8,14.5,19.2,0,0,32
24/07/2023,2023,7,24,19.4,14.2,16.8,0,18.8,33
25/07/2023,2023,7,25,21.4,12.4,16.9,0,1.7,39
26/07/2023,2023,7,26,21.7,13,17.4,0,0,35
27/07/2023,2023,7,27,22.4,14,18.2,0,0,34.666666666666664
28/07/2023,2023,7,28,23.6,13.8,18.7,0,0,36
29/07/2023,2023,7,29,23.5,15.3,19.4,0,0,40
30/07/2023,2023,7,30,23.7,13.2,18.5,0,0,38
31/07/2023,2023,7,31,22.9,12.7,17.8,0,0,31
08/01/2023,2023,8,1,22.9,13.4,18.2,0,0,31
08/02/2023,2023,8,2,23.4,13.6,18.5,0,0,40
08/03/2023,2023,8,3,24.5,14.2,19.4,0,0,34
08/04/2023,2023,8,4,24.7,14,19.4,0,0,34
08/05/2023,2023,8,5,26.1,15,20.6,0,0,35.5
08/06/2023,2023,8,6,22.9,15.7,19.3,0,0,35
08/07/2023,2023,8,7,23.8,16.3,20.1,0,0,34
08/08/2023,2023,8,8,22.6,16.3,19.5,0,0,34
08/09/2023,2023,8,9,22.7,16.4,19.6,0,11.8,40
08/10/2023,2023,8,10,22.5,14.6,18.6,0,2.4,31
08/11/2023,2023,8,11,23.4,13.5,18.5,0,0,39
08/12/2023,2023,8,12,24,16.6,20.3,0,3.5500000000000003,36
13/08/2023,2023,8,13,24.3,17.3,20.8,0,4.733333333333333,47
14/08/2023,2023,8,14,24.4,17.6,21,0,0,43
15/08/2023,2023,8,15,26,16.7,21.4,0,0,45
16/08/2023,2023,8,16,24.7,15.7,20.2,0,0,36
17/08/2023,2023,8,17,23.9,16.6,20.3,0,0,40
18/08/2023,2023,8,18,21.7,13.9,17.8,0,0,60
19/08/2023,2023,8,19,18.3,9.7,14,0,0,44
20/08/2023,2023,8,20,18,13.6,15.8,0,0,47
21/08/2023,2023,8,21,22.4,10.4,16.4,0,0,32
22/08/2023,2023,8,22,21.1,12,16.6,0,0,40
23/08/2023,2023,8,23,20.5,13.3,16.9,0,0,40.75
24/08/2023,2023,8,24,20.3,10.1,15.2,0,0,33
25/08/2023,2023,8,25,21.3,12.5,16.9,0,0,35
26/08/2023,2023,8,26,23.4,10.8,17.1,0,0,36.5
27/08/2023,2023,8,27,25.5,12.7,19.1,0,0,33
28/08/2023,2023,8,28,22.3,15.5,18.9,0,0,39
29/08/2023,2023,8,29,17.1,14.6,15.9,0,17,31
30/08/2023,2023,8,30,22.9,13.3,18.1,0,0.3,35
31/08/2023,2023,8,31,20,14.2,17.1,0,2.8,35
09/01/2023,2023,9,1,21.3,13.9,17.6,0,0,35
09/02/2023,2023,9,2,22.5,13.5,18,0,0,33
09/03/2023,2023,9,3,21,13.3,17.2,0,0.6,35
09/04/2023,2023,9,4,19.6,12.7,16.2,0,0,33
09/05/2023,2023,9,5,20.5,13.1,16.8,0,0,32
09/06/2023,2023,9,6,20.1,12.1,16.1,0,0,35
09/07/2023,2023,9,7,19.8,12.6,16.2,0,0,33.333333333333336
09/08/2023,2023,9,8,19.2,10.2,14.7,0,0,33.333333333333336
09/09/2023,2023,9,9,21.7,9.9,15.8,0,0,33.5
09/10/2023,2023,9,10,25.2,12.9,19.1,0,0,35
09/11/2023,2023,9,11,21.7,14.8,18.3,0,0,34
09/12/2023,2023,9,12,18.8,12.5,15.7,0,0,34
13/09/2023,2023,9,13,20,13.3,16.7,0,0,34
14/09/2023,2023,9,14,20.6,10.7,15.7,0,0,34
15/09/2023,2023,9,15,22.5,8.7,15.6,0,0,34
16/09/2023,2023,9,16,25,9.3,17.2,0,0,32
17/09/2023,2023,9,17,19.8,11.3,15.6,0,0,35
18/09/2023,2023,9,18,18.1,11.2,14.7,0,0.7,60
19/09/2023,2023,9,19,18.4,11.1,14.8,0,8.3,33
20/09/2023,2023,9,20,16.5,9.8,13.2,0,0.2,40
21/09/2023,2023,9,21,17.4,8,12.7,0,0,36
22/09/2023,2023,9,22,22.2,7.3,14.8,0,0,43
23/09/2023,2023,9,23,17.1,12,14.6,0,1.6,38
24/09/2023,2023,9,24,19.9,8.3,14.1,0,3.7,51
25/09/2023,2023,9,25,15.7,12.8,14.3,0,9.1,55
26/09/2023,2023,9,26,17.2,12.4,14.8,0,1.8,45
27/09/2023,2023,9,27,14.4,11.1,12.8,0,5.5,35
28/09/2023,2023,9,28,15.6,9.3,12.5,0,1.4,46.5
29/09/2023,2023,9,29,14,7.6,10.8,0,0.4,37
30/09/2023,2023,9,30,14.6,8.8,11.7,0,0,41
10/01/2023,2023,10,1,15.1,7.1,11.1,0,0,37.666666666666664
10/02/2023,2023,10,2,13.3,9.8,11.6,0,10.1,31
10/03/2023,2023,10,3,15.9,7.6,11.8,0,0,36.333333333333336
10/04/2023,2023,10,4,15.2,11.2,13.2,0,0,36
10/05/2023,2023,10,5,16.9,9.8,13.4,0,0,33
10/06/2023,2023,10,6,17.3,7.9,12.6,0,0,32
10/07/2023,2023,10,7,19.6,7.4,13.5,0,0,33
10/08/2023,2023,10,8,20.3,10.9,15.6,0,0,33
10/09/2023,2023,10,9,17.3,12.6,15,0,7.8,32
10/10/2023,2023,10,10,16.4,11.3,13.9,0,15,40
10/11/2023,2023,10,11,16,9.6,12.8,0,0,46
10/12/2023,2023,10,12,16.6,6.3,11.5,0,0,33
13/10/2023,2023,10,13,18.5,5.7,12.1,0,5.2,32
14/10/2023,2023,10,14,18.5,13,15.8,0,1.5,38
15/10/2023,2023,10,15,19.4,12.4,15.9,0,1.7,32
16/10/2023,2023,10,16,16.8,11.8,14.3,0,4,40
17/10/2023,2023,10,17,13.4,7.2,10.3,0,20.7,31
18/10/2023,2023,10,18,13.7,10.8,12.3,0,33.9,40
19/10/2023,2023,10,19,15.8,11.7,13.8,0,0.2,35.75
20/10/2023,2023,10,20,13.2,10.9,12.1,0,0,36
21/10/2023,2023,10,21,12.3,10.8,11.6,0,0,32
22/10/2023,2023,10,22,11.4,6.3,8.9,0,1,35
23/10/2023,2023,10,23,11.9,4.5,8.2,0,0,43
24/10/2023,2023,10,24,9.6,5.8,7.7,0,15,43
25/10/2023,2023,10,25,11,3.6,7.3,0,2.1,38
26/10/2023,2023,10,26,9.1,0.4,4.8,0,0,39.75
27/10/2023,2023,10,27,8.7,-1.4,3.7,0,0,42
28/10/2023,2023,10,28,8.1,-2,3.1,0,0,41
29/10/2023,2023,10,29,9.2,-1,4.1,0,0,40
30/10/2023,2023,10,30,9.9,-1.5,4.2,0,0,34
31/10/2023,2023,10,31,11,-0.1,5.5,0,0,38
11/01/2023,2023,11,1,11.6,1.9,6.8,0,5.2,34
11/02/2023,2023,11,2,16.5,8.4,12.5,0,15.5,46
11/03/2023,2023,11,3,14,8.4,11.2,0,0.6,34
11/04/2023,2023,11,4,18,10.4,14.2,0,14.2,42
11/05/2023,2023,11,5,14.2,9.6,11.9,0,2.8,46
11/06/2023,2023,11,6,11.1,9.1,10.1,0,6.1,33
11/07/2023,2023,11,7,11,6.3,8.7,0,2,72
11/08/2023,2023,11,8,8.9,5.7,7.3,0,4.8,48.25
11/09/2023,2023,11,9,9.8,3.8,6.8,0,2.2,43
11/10/2023,2023,11,10,9.4,3.8,6.6,0,8.5,58
11/11/2023,2023,11,11,11.2,6.5,8.9,0,20.3,72
11/12/2023,2023,11,12,9.7,4.9,7.3,0,5.7,42
13/11/2023,2023,11,13,10,3.1,6.6,0,0.3,41
14/11/2023,2023,11,14,7.8,1.7,4.8,0,0,53.25
15/11/2023,2023,11,15,9.675,4.050000000000001,6.900000000000002,0,0.6,51.666666666666664
16/11/2023,2023,11,16,7.8,-1.6,3.1,0,0,41.5
17/11/2023,2023,11,17,9.1,-0.9,4.1,0,0,41
18/11/2023,2023,11,18,11.3,0,5.7,0,0.3,41.220186987216174
19/11/2023,2023,11,19,10.4,4.3,7.4,0,7.7,43
20/11/2023,2023,11,20,9.65,0.44999999999999996,5.075000000000002,0,0,43
21/11/2023,2023,11,21,8.6,0.2,4.4,0,9.8,43
22/11/2023,2023,11,22,7.8,3.3,5.6,0,0.4,36
23/11/2023,2023,11,23,7.6,-0.2,3.7,0,0,37
24/11/2023,2023,11,24,7.3,-2.2,2.6,0,0,36.5
25/11/2023,2023,11,25,7.3,-1.1,3.1,0,0,36.5
26/11/2023,2023,11,26,5.3,-1.7,1.8,0,0,36.5
27/11/2023,2023,11,27,6.9,1.7,4.3,0,0,37
28/11/2023,2023,11,28,4.5,-0.9,1.8,0,0,41.220186987216174
29/11/2023,2023,11,29,5,-3.1,1,0,0,41.220186987216174
30/11/2023,2023,11,30,5.6,-2.2,1.7,0,5,41.220186987216174
12/01/2023,2023,12,1,5.7,3.2,4.5,0,13.1,36
12/02/2023,2023,12,2,9.2,3.8,6.5,0,12.9,50
12/03/2023,2023,12,3,9,4.9,7,0,6,40
12/04/2023,2023,12,4,10.5,5.3,7.9,0,49.8,40
12/05/2023,2023,12,5,12.5,8.3,10.4,0,7.7,33
12/06/2023,2023,12,6,9.7,6.8,8.3,0,2.2,35
12/07/2023,2023,12,7,6.8,4.2,5.5,0,5.7,40
12/08/2023,2023,12,8,6.6,0.3,3.5,0,0,37
12/09/2023,2023,12,9,4.9,0.6,2.8,0,14.8,51
12/10/2023,2023,12,10,7.7,4.6,6.2,0,12.9,42
12/11/2023,2023,12,11,7.7,4.2,6,0,0,32
12/12/2023,2023,12,12,7.4,1.7,4.6,0,0,41.5
13/12/2023,2023,12,13,9.5,0.7,5.1,0,0,41.5
14/12/2023,2023,12,14,7.4,5.5,6.5,0,3.6,32
15/12/2023,2023,12,15,10.7,5.9,8.3,0,5.2,32
16/12/2023,2023,12,16,8.9,5.1,7,0,0,41.220186987216174
17/12/2023,2023,12,17,9.4,1.3,5.4,0,0,42
18/12/2023,2023,12,18,8.8,4.2,6.5,0,2.7,33
19/12/2023,2023,12,19,11,6.9,9,0,11,37.5
20/12/2023,2023,12,20,10.2,8.4,9.3,0,4.4,37.5
21/12/2023,2023,12,21,9.9,8.5,9.2,0,5.7,37.5
22/12/2023,2023,12,22,9.2,5.5,7.4,0,3.8,50
23/12/2023,2023,12,23,7,-0.4,3.3,0,0,46
24/12/2023,2023,12,24,7.1,-1.1,3,0,0,35
25/12/2023,2023,12,25,10.7,4.9,7.8,0,7.6,48
26/12/2023,2023,12,26,11,4.9,8,0,2.8,51
27/12/2023,2023,12,27,11.9,6.5,9.2,0,1.1,44
28/12/2023,2023,12,28,12.1,9.2,10.7,0,4.3,64
29/12/2023,2023,12,29,12.4,7.5,10,0,1.4,51.75
30/12/2023,2023,12,30,13.2,8.4,10.8,0,6.4,53
31/12/2023,2023,12,31,10.6,3.9,7.3,0,0,54
01/01/2024,2024,1,1,6.3,0.9,3.6,0,0,64
01/02/2024,2024,1,2,7.8,3.8,5.8,0,9.8,41.220186987216174
01/03/2024,2024,1,3,10.2,5.2,7.7,0,0.7,41.220186987216174
01/04/2024,2024,1,4,10.2,3.7,7,0,10.3,36
01/05/2024,2024,1,5,7.5,3.6,5.6,0,5,58
01/06/2024,2024,1,6,6.9,0.2,3.6,0,6.3,63
01/07/2024,2024,1,7,4.6,-1.3,1.7,0,0,52.333333333333336
01/08/2024,2024,1,8,3.4,0.9,2.2,0,32.6,47
01/09/2024,2024,1,9,5.6000000000000005,0.8500000000000001,3.2750000000000012,0,6,53
01/10/2024,2024,1,10,6.2,2.1,4.2,0,0,39
01/11/2024,2024,1,11,4.5,-6.4,-1,3,2,79
01/12/2024,2024,1,12,-6.4,-13.4,-9.9,0,0,44
13/01/2024,2024,1,13,-3.2,-13.7,-8.5,0,0,33
14/01/2024,2024,1,14,-1.8,-9.3,-5.6,0,0,48.75
15/01/2024,2024,1,15,0.7,-8.7,-4,0,0,52
16/01/2024,2024,1,16,1.4,-6.2,-2.4,0,0,38.5
17/01/2024,2024,1,17,-0.725,-9.475,-5.125,27.8,24.6,32
18/01/2024,2024,1,18,0.2,-3.8,-1.8,6,6,32
19/01/2024,2024,1,19,2,-0.2,0.9,0,14.7,32
20/01/2024,2024,1,20,4.4,0.8,2.6,0,0,32
21/01/2024,2024,1,21,7.5,1.6,4.6,0,12.4,32
22/01/2024,2024,1,22,7.6,4.9,6.3,0,14.4,41.220186987216174
23/01/2024,2024,1,23,9.7,6.7,8.2,0,13.5,41.220186987216174
24/01/2024,2024,1,24,8.2,5.9,7.1,0,13.3,41
25/01/2024,2024,1,25,8.2,7,7.6,0,4.9,33
26/01/2024,2024,1,26,12.4,7.3,9.9,0,11.9,37
27/01/2024,2024,1,27,11.8,7.8,9.8,0,39.7,35
28/01/2024,2024,1,28,13.3,8.9,11.1,0,16.1,36.333333333333336
29/01/2024,2024,1,29,14.3,8.2,11.3,0,4.6,34
30/01/2024,2024,1,30,13.8,9.2,11.5,0,1.8,32
31/01/2024,2024,1,31,13.6,8.8,11.2,0,8.9,48
02/01/2024,2024,2,1,13.6,8.5,11.1,0,1.5,36
02/02/2024,2024,2,2,11.2,7.3,9.3,0,0.3,36
02/03/2024,2024,2,3,8.6,4,6.3,0,0.2,38
02/04/2024,2024,2,4,7.6,1.4,4.5,0,0,31
02/05/2024,2024,2,5,6.1,0.3,3.2,0,0,32
02/06/2024,2024,2,6,7.2,3.1,5.2,0,0,33
02/07/2024,2024,2,7,8.1,2.2,5.2,0,0.8,43
02/08/2024,2024,2,8,7.3,3.9,5.6,0,0,36
02/09/2024,2024,2,9,7,-0.5,3.3,0,0,37
02/10/2024,2024,2,10,8,2.3,5.2,0,1.9,39.5
02/11/2024,2024,2,11,7.5,4.8,6.2,0,21.9,39.5
02/12/2024,2024,2,12,8,4,6,0,7.4,44
13/02/2024,2024,2,13,7.8,1,4.4,0,0,34
14/02/2024,2024,2,14,7.6,-2,2.8,0,0,39
15/02/2024,2024,2,15,7.7,-0.6,3.6,0,0,41
16/02/2024,2024,2,16,10.4,-3.9,3.3,0,0,39.666666666666664
17/02/2024,2024,2,17,8.7,0.7,4.7,0,0,37.5
18/02/2024,2024,2,18,8.4,3.3,5.9,0,0,41
19/02/2024,2024,2,19,9.9,1.5,5.7,0,3.4,41
20/02/2024,2024,2,20,9.3,5,7.2,0,3.6,41.220186987216174
21/02/2024,2024,2,21,10.7,6.4,8.6,0,9.1,41.220186987216174
22/02/2024,2024,2,22,12,5.1,8.6,0,5.3,32
23/02/2024,2024,2,23,10.6,1.5,6.1,0,0,32
24/02/2024,2024,2,24,9.3,6,7.7,0,0.5,32
25/02/2024,2024,2,25,10.5,2,6.3,0,5.6,61
26/02/2024,2024,2,26,6.7,1.6,4.2,0,0,68
27/02/2024,2024,2,27,4.4,-2.5,1,1,3.6,63
28/02/2024,2024,2,28,8.9,1.6,5.3,0,17.1,53
29/02/2024,2024,2,29,7.625,0.6750000000000007,4.200000000000001,0,4.5,48
03/01/2024,2024,3,1,6.2,2.6,4.4,0,2.6,52
03/02/2024,2024,3,2,8.3,0.5,4.4,2,2,43
03/03/2024,2024,3,3,4.2,0.6,2.4,1,21.7,39
03/04/2024,2024,3,4,5.5,0.4,3,0,0.2,34
03/05/2024,2024,3,5,6.05,1.0250000000000004,3.550000000000002,0.7499999999999991,6.625,42
03/06/2024,2024,3,6,4.5,-0.1,2.2,0,0,38.666666666666664
03/07/2024,2024,3,7,7,-1.9,2.6,0,0,36.5
03/08/2024,2024,3,8,7.3,3.4,5.4,0,1.6,35
03/09/2024,2024,3,9,10.5,5.2,7.9,0,0.5,71
03/10/2024,2024,3,10,7.325,1.6500000000000004,4.525000000000002,0,0.4,61
03/11/2024,2024,3,11,7.5,2.8,5.2,0,12.3,48
03/12/2024,2024,3,12,10.9,5.6,8.3,0,2.4,37
13/03/2024,2024,3,13,10.2,3.2,6.7,0,0,39
14/03/2024,2024,3,14,9.6,0.6,5.1,0,0,46.25
15/03/2024,2024,3,15,11,1.9,6.5,0,0,41.333333333333336
16/03/2024,2024,3,16,16,1.5,8.8,0,0,38
17/03/2024,2024,3,17,15.1,4.6,9.9,0,0,39
18/03/2024,2024,3,18,12.2,3.1,7.7,0,0,31
19/03/2024,2024,3,19,12,3.9,8,0,0,31
20/03/2024,2024,3,20,11.8,4.7,8.3,0,1.2,35
21/03/2024,2024,3,21,13.3,6.7,10,0,0,33
22/03/2024,2024,3,22,10.8,7.5,9.2,0,4.1,33
23/03/2024,2024,3,23,9.9,6.9,8.4,0,9,31
24/03/2024,2024,3,24,13,1.4,7.2,0,0,33
25/03/2024,2024,3,25,11.7,7.2,9.5,0,0.4,39
26/03/2024,2024,3,26,13.4,6.7,10.1,0,10.8,32
27/03/2024,2024,3,27,10.5,5.5,8,0,27.2,42
28/03/2024,2024,3,28,10.6,5.5,8.1,0,2,55
29/03/2024,2024,3,29,11.8,5.9,8.9,0,2.2,32
30/03/2024,2024,3,30,10.3,1.9,6.1,0,0,33
31/03/2024,2024,3,31,12.3,1.6,7,0,0,40.5
04/01/2024,2024,4,1,15.7,5.8,10.8,0,0,40
04/02/2024,2024,4,2,12.6,7.6,10.1,0,3.8,42
04/03/2024,2024,4,3,10,4.3,7.2,0,0,42
04/04/2024,2024,4,4,10.1,3.7,6.9,0,0,52
04/05/2024,2024,4,5,11.9,4.8,8.4,0,0,31
04/06/2024,2024,4,6,11.8,3.2,7.5,0,0.8,31
04/07/2024,2024,4,7,12.7,4.8,8.8,0,0.2,38
04/08/2024,2024,4,8,9.6,5.9,7.8,0,8.8,50
04/09/2024,2024,4,9,12.8,5.7,9.3,0,0,34
04/10/2024,2024,4,10,13.8,2.8,8.3,0,0,38.25
04/11/2024,2024,4,11,10.2,7.2,8.7,0,5,40.666666666666664
04/12/2024,2024,4,12,11.6,6.7,9.2,0,0.2,44
13/04/2024,2024,4,13,12.5,7,9.8,0,0,42
14/04/2024,2024,4,14,12.7,4.6,8.7,0,0,43
15/04/2024,2024,4,15,11.75,6.375000000000001,9.100000000000001,0,0.4,48
16/04/2024,2024,4,16,11.8,5.3,8.6,0,0,50
17/04/2024,2024,4,17,12.6,0,6.3,0,0,46.666666666666664
18/04/2024,2024,4,18,14.1,2.5,8.3,0,0,35
19/04/2024,2024,4,19,15.5,2.7,9.1,0,0,44.333333333333336
20/04/2024,2024,4,20,20.7,4,12.4,0,1.4,67
21/04/2024,2024,4,21,13.5,5.8,9.7,0,0,41
22/04/2024,2024,4,22,13.8,3.5,8.7,0,0,32
23/04/2024,2024,4,23,18.4,3.3,10.9,0,0,46.666666666666664
24/04/2024,2024,4,24,12.1,8.8,10.5,0,3.3,42
25/04/2024,2024,4,25,10.7,8,9.4,0,21.7,38.333333333333336
26/04/2024,2024,4,26,14.6,8.7,11.7,0,6.6,37
27/04/2024,2024,4,27,11.1,8.8,10,0,6.8,40
28/04/2024,2024,4,28,12.8,7.9,10.4,0,0.5,46
29/04/2024,2024,4,29,12.3,8.350000000000001,10.375000000000002,0,0,37
30/04/2024,2024,4,30,12.7,5.1,8.9,0,0.2,32
05/01/2024,2024,5,1,14.3,4.2,9.3,0,0,38.75
05/02/2024,2024,5,2,15.7,3.7,9.7,0,0,31
05/03/2024,2024,5,3,20.2,6.7,13.5,0,0,33.333333333333336
05/04/2024,2024,5,4,16.6,10.1,13.4,0,0,43
05/05/2024,2024,5,5,13.1,9.7,11.4,0,4.7,43
05/06/2024,2024,5,6,15.1,8,11.6,0,0.2,42
05/07/2024,2024,5,7,18.3,8.1,13.2,0,0,48
05/08/2024,2024,5,8,15.7,6.2,11,0,0,44
05/09/2024,2024,5,9,18.1,5.7,11.9,0,0,37
05/10/2024,2024,5,10,21.1,7.8,14.5,0,0,42.333333333333336
05/11/2024,2024,5,11,20.5,9.7,15.1,0,0,42.5
05/12/2024,2024,5,12,18.5,12.3,15.4,0,0,40
13/05/2024,2024,5,13,17.5,11.9,14.7,0,0,36
14/05/2024,2024,5,14,17.4,8.8,13.1,0,0,33
15/05/2024,2024,5,15,18.474999999999998,10.675,14.575,0,0,32
16/05/2024,2024,5,16,19.6,11.2,15.4,0,0,60
17/05/2024,2024,5,17,16.1,8.8,12.5,0,0,70
18/05/2024,2024,5,18,13.6,8.3,11,0,2.6,48.75
19/05/2024,2024,5,19,15.3,8.4,11.9,0,0,31
20/05/2024,2024,5,20,16.8,7.6,12.2,0,0,34
21/05/2024,2024,5,21,12.1,8.5,10.3,0,20.2,82
22/05/2024,2024,5,22,15.8,7.3,11.6,0,0,59
23/05/2024,2024,5,23,16.4,9.2,12.8,0,0,40
24/05/2024,2024,5,24,13.2,10.3,11.8,0,3.8,53.75
25/05/2024,2024,5,25,15,9.4,12.2,0,1.8,44
26/05/2024,2024,5,26,12.6,9,10.8,0,10.4,37
27/05/2024,2024,5,27,16.8,10.5,13.7,0,0,40.333333333333336
28/05/2024,2024,5,28,15.9,10.8,13.4,0,9.2,35
29/05/2024,2024,5,29,14.8,6.2,10.5,0,1,35
30/05/2024,2024,5,30,16.1,8.9,12.5,0,0,35.666666666666664
31/05/2024,2024,5,31,17.4,6.8,12.1,0,0,35
06/01/2024,2024,6,1,18,11.4,14.7,0,4,35
06/02/2024,2024,6,2,13.8,11.2,12.5,0,19,39
06/03/2024,2024,6,3,16.325000000000003,9.575,12.950000000000001,0,10.5,48
06/04/2024,2024,6,4,17.1,10,13.6,0,5.6,56
06/05/2024,2024,6,5,17.8,8.1,13,0,0,35
06/06/2024,2024,6,6,18.1,8,13.1,0,0,37
06/07/2024,2024,6,7,19.8,8.4,14.1,0,0,40
06/08/2024,2024,6,8,22.7,10.2,16.5,0,0,42
06/09/2024,2024,6,9,22.5,12.1,17.3,0,0,35
06/10/2024,2024,6,10,19.6,10.6,15.1,0,0,38
06/11/2024,2024,6,11,18.8,12.3,15.6,0,2,59
06/12/2024,2024,6,12,17.3,10.1,13.7,0,1.2,31
13/06/2024,2024,6,13,19.6,8,13.8,0,0,35
14/06/2024,2024,6,14,17.1,9.8,13.5,0,0.9,40
15/06/2024,2024,6,15,16,10.2,13.1,0,0,41.25
16/06/2024,2024,6,16,14.5,9.4,12,0,5.8,36
17/06/2024,2024,6,17,16.4,11.2,13.8,0,0.8,37
18/06/2024,2024,6,18,18.2,11.7,15,0,0,37
19/06/2024,2024,6,19,21,9.2,15.1,0,0,36.5
20/06/2024,2024,6,20,23.1,10.3,16.7,0,0,33
21/06/2024,2024,6,21,24.2,11.8,18,0,0,35
22/06/2024,2024,6,22,21.3,15,18.2,0,0,36
23/06/2024,2024,6,23,19.9,12.3,16.1,0,0,44
24/06/2024,2024,6,24,19.9,11.3,15.6,0,0,36
25/06/2024,2024,6,25,21.325,12.600000000000001,16.975,0,0,33
26/06/2024,2024,6,26,20.366666666666664,12.866666666666667,16.633333333333336,0,2.7,36
27/06/2024,2024,6,27,15.6,12.7,14.2,0,5.6,32
28/06/2024,2024,6,28,18.6,11.4,15,0,5.8,35
29/06/2024,2024,6,29,20.5,14.5,17.5,0,0.2,34
30/06/2024,2024,6,30,23.5,14.8,19.2,0,0,36
07/01/2024,2024,7,1,20.7,13.8,17.3,0,0,33
07/02/2024,2024,7,2,20.1,12.7,16.4,0,0,35
07/03/2024,2024,7,3,20,11.1,15.6,0,0,34.666666666666664
07/04/2024,2024,7,4,21.5,12,16.8,0,0,34.666666666666664
07/05/2024,2024,7,5,24.2,12.7,18.5,0,0,62
07/06/2024,2024,7,6,24,15,19.5,0,0,54
07/07/2024,2024,7,7,27.6,13.1,20.4,0,0,58
07/08/2024,2024,7,8,24.325000000000003,13.2,18.800000000000004,0,0,58
07/09/2024,2024,7,9,25.26666666666667,13.6,19.466666666666672,0,0,58
07/10/2024,2024,7,10,24.8,14.6,19.7,0,0,54
07/11/2024,2024,7,11,22.9,14.7,18.8,0,0,38
07/12/2024,2024,7,12,22.6,14.4,18.5,0,0,36
13/07/2024,2024,7,13,23.6,16.6,20.1,0,0,36
14/07/2024,2024,7,14,25,15.9,20.5,0,0,36.666666666666664
15/07/2024,2024,7,15,23,14.6,18.8,0,0,42
16/07/2024,2024,7,16,24.5,14.4,19.5,0,0,38
17/07/2024,2024,7,17,28.1,15.8,22,0,0,39
18/07/2024,2024,7,18,26.3,16.4,21.4,0,0,39
19/07/2024,2024,7,19,27.1,15.2,21.2,0,0,33
20/07/2024,2024,7,20,26.2,14.8,20.5,0,0,36
21/07/2024,2024,7,21,22.8,15.3,19.1,0,0,43
22/07/2024,2024,7,22,22.5,13.4,18,0,0,41
23/07/2024,2024,7,23,22,12.9,17.5,0,0,44
24/07/2024,2024,7,24,23.8,12.5,18.2,0,0,35
25/07/2024,2024,7,25,21.6,15.6,18.6,0,0,43
26/07/2024,2024,7,26,21.3,12,16.7,0,0,40.75
27/07/2024,2024,7,27,21.4,13.6,17.5,0,0,40.666666666666664
28/07/2024,2024,7,28,22.1,13.2,17.7,0,0,36
29/07/2024,2024,7,29,18.1,15.1,16.6,0,19,39.5
30/07/2024,2024,7,30,21.2,15.6,18.4,0,0,36
31/07/2024,2024,7,31,21.8,16.7,19.3,0,0.8,36
08/01/2024,2024,8,1,23.8,14.7,19.3,0,0,31
08/02/2024,2024,8,2,26.6,16.1,21.4,0,0,31
08/03/2024,2024,8,3,24.2,13.7,19,0,0,33
08/04/2024,2024,8,4,26.9,14.3,20.6,0,0,32
08/05/2024,2024,8,5,26.4,14.7,20.6,0,0,32
08/06/2024,2024,8,6,26.025,14.7,20.400000000000002,0,0,36
08/07/2024,2024,8,7,23.2,13.9,18.6,0,0,33.666666666666664
08/08/2024,2024,8,8,24.6,14.3,19.5,0,0,34
08/09/2024,2024,8,9,26.9,15.8,21.4,0,0,36
08/10/2024,2024,8,10,25,15.8,20.4,0,0,38
08/11/2024,2024,8,11,21.7,15.9,18.8,0,0.3,36
08/12/2024,2024,8,12,19.1,15.9,17.5,0,0,37
13/08/2024,2024,8,13,21,16.4,18.7,0,0,37
14/08/2024,2024,8,14,21.7,16,18.85,0,0,37
15/08/2024,2024,8,15,24,13.7,18.9,0,0,36
16/08/2024,2024,8,16,22.1,14.8,18.5,0,0,41.220186987216174
17/08/2024,2024,8,17,23.7,13.2,18.5,0,0,45
18/08/2024,2024,8,18,23.5,16.1,19.8,0,9.7,49
19/08/2024,2024,8,19,23.2,13.5,18.4,0,1.5,47
20/08/2024,2024,8,20,21.9,15.4,18.7,0,0.5,47
21/08/2024,2024,8,21,19.5,14.3,16.9,0,0,31
22/08/2024,2024,8,22,18.8,14,16.4,0,1.4,33
23/08/2024,2024,8,23,16.8,13.4,15.1,0,6.2,32
24/08/2024,2024,8,24,19.9,12.9,16.4,0,26.7,34
25/08/2024,2024,8,25,21.4,13.3,17.4,0,0.4,32.5
26/08/2024,2024,8,26,19.1,14.4,16.8,0,12.7,33
27/08/2024,2024,8,27,18.3,12.8,15.6,0,0,57
28/08/2024,2024,8,28,17.9,8.5,13.2,0,0,45.5
29/08/2024,2024,8,29,19.9,10.2,15.1,0,0,57
30/08/2024,2024,8,30,21.1,10.8,16,0,0,57
31/08/2024,2024,8,31,22,12.5,17.3,0,0,57
09/01/2024,2024,9,1,23.4,13.5,18.5,0,0,41.220186987216174
09/02/2024,2024,9,2,20.9,14.9,17.9,0,0,32
09/03/2024,2024,9,3,19.5,14.2,16.9,0,0,32
09/04/2024,2024,9,4,22,11.7,16.9,0,0,32
09/05/2024,2024,9,5,24.7,13.1,18.9,0,0,32
09/06/2024,2024,9,6,23.2,13.8,18.5,0,0,32
09/07/2024,2024,9,7,21.4,16.3,18.9,0,0,31
09/08/2024,2024,9,8,21.9,15.4,18.7,0,0,31
09/09/2024,2024,9,9,20.2,13.2,16.7,0,0,31
09/10/2024,2024,9,10,21.3,10.9,16.1,0,0,31
09/11/2024,2024,9,11,17.8,13.3,15.6,0,0.4,31
09/12/2024,2024,9,12,18.8,11,14.9,0,0,41.220186987216174
13/09/2024,2024,9,13,17,11.5,14.3,0,11.9,31
14/09/2024,2024,9,14,18.7,13.3,16,0,5.6,35
15/09/2024,2024,9,15,17.8,11.6,14.7,0,0,44
16/09/2024,2024,9,16,18,9.9,14,0,0,36.666666666666664
17/09/2024,2024,9,17,16.7,11.1,13.9,0,0,38
18/09/2024,2024,9,18,19,12.3,15.7,0,0,32
19/09/2024,2024,9,19,16.9,10.3,13.6,0,0,38
20/09/2024,2024,9,20,17.6,11.7,14.7,0,0,58
21/09/2024,2024,9,21,17.3,9.4,13.4,0,0,42.666666666666664
22/09/2024,2024,9,22,18.4,11.4,14.9,0,0,33
23/09/2024,2024,9,23,19.3,14,16.7,0,3.5,45.5
24/09/2024,2024,9,24,19.2,12.3,15.8,0,0,45.5
25/09/2024,2024,9,25,17.5,12.7,15.1,0,29.8,39
26/09/2024,2024,9,26,14.2,8.9,11.6,0,2.9,50
27/09/2024,2024,9,27,18.4,8.6,13.5,0,0,58
28/09/2024,2024,9,28,14.2,7.9,11.1,0,0,45
29/09/2024,2024,9,29,15.2,9.2,12.2,0,0,49
30/09/2024,2024,9,30,14.7,5.6,10.2,0,0,50.5
10/01/2024,2024,10,1,13,8.3,10.7,0,0.7,50.666666666666664
10/02/2024,2024,10,2,16.6,8.1,12.4,0,0,47
10/03/2024,2024,10,3,13.9,3.9,8.9,0,0,49
10/04/2024,2024,10,4,16.5,10.1,13.3,0,11.7,43
10/05/2024,2024,10,5,16.1,8.9,12.5,0,0,43
10/06/2024,2024,10,6,16.5,10.6,13.6,0,0,43
10/07/2024,2024,10,7,19.2,8.8,14,0,0,43
10/08/2024,2024,10,8,15.5,12.6,14.1,0,0.6,33
10/09/2024,2024,10,9,15.7,8.8,12.3,0,4.1,41
10/10/2024,2024,10,10,13.2,6.2,9.7,0,0,34
10/11/2024,2024,10,11,14,4.6,9.3,0,0,36
10/12/2024,2024,10,12,16.4,6.2,11.3,0,0,36
13/10/2024,2024,10,13,19.6,8.5,14.1,0,0,37.5
14/10/2024,2024,10,14,16.8,11.7,14.3,0,10.4,34
15/10/2024,2024,10,15,13.8,8.6,11.2,0,0,41.220186987216174
16/10/2024,2024,10,16,14.7,7.5,11.1,0,6.6,60
17/10/2024,2024,10,17,11.9,6.1,9,0,0,37
18/10/2024,2024,10,18,9.5,8,8.8,0,34.2,53
19/10/2024,2024,10,19,14.4,9.1,11.8,0,67.1,58
20/10/2024,2024,10,20,13.8,9.6,11.7,0,28.8,44
21/10/2024,2024,10,21,11.9,7.8,9.9,0,0,48
22/10/2024,2024,10,22,13,5.9,9.5,0,1.2,51.666666666666664
23/10/2024,2024,10,23,10.9,3.6,7.3,0,0,51
24/10/2024,2024,10,24,11.8,3.8,7.8,0,0,44
25/10/2024,2024,10,25,10.6,2.2,6.4,0,0,41.220186987216174
26/10/2024,2024,10,26,15.2,9,12.1,0,11.8,58
27/10/2024,2024,10,27,13.2,9.9,11.6,0,5.6,43
28/10/2024,2024,10,28,13,7.5,10.3,0,1.6,39
29/10/2024,2024,10,29,10.6,4.7,7.7,0,0,46.666666666666664
30/10/2024,2024,10,30,10.7,7.1,8.9,0,17.5,48
31/10/2024,2024,10,31,11.4,7,9.2,0,5.5,32
11/01/2024,2024,11,1,8.4,6.9,7.7,0,19.2,37
11/02/2024,2024,11,2,8.9,6.4,7.7,0,5,39
11/03/2024,2024,11,3,9.7,6.1,7.9,0,1.6,41
11/04/2024,2024,11,4,11.7,8.2,10,0,20,94
11/05/2024,2024,11,5,9.8,5,7.4,0,0,67
11/06/2024,2024,11,6,10.024999999999999,6.424999999999999,8.250000000000002,0,0,67.33333333333333
11/07/2024,2024,11,7,11.9,6.5,9.2,0,0,67.33333333333333
11/08/2024,2024,11,8,13.1,8.7,10.9,0,10,31
11/09/2024,2024,11,9,10.6,9.1,9.9,0,17.4,49
11/10/2024,2024,11,10,12.6,9,10.8,0,4.6,38
11/11/2024,2024,11,11,12,8.6,10.3,0,16.9,44
11/12/2024,2024,11,12,11.6,4.8,8.2,0,7.9,58
13/11/2024,2024,11,13,11.3,8.3,9.8,0,16.4,64
14/11/2024,2024,11,14,10.8,5.8,8.3,0,6.5,37
15/11/2024,2024,11,15,8.3,3.3,5.8,0,0,33
16/11/2024,2024,11,16,5.5,3.2,4.4,0,26.1,42
17/11/2024,2024,11,17,8.8,4.6,6.7,0,10.8,35
18/11/2024,2024,11,18,7.6,2.3,5,0,3.5,43
19/11/2024,2024,11,19,8.3,0.8,4.6,4,18.1,78
20/11/2024,2024,11,20,7.55,2.725,5.1750000000000025,0,11.5,63
21/11/2024,2024,11,21,10,6.2,8.1,0,0.5,54.75
22/11/2024,2024,11,22,12.8,4.8,8.8,0,5.1,59
23/11/2024,2024,11,23,11,6.5,8.8,0,2.6,41
24/11/2024,2024,11,24,8.3,5.6,7,0,3,35
25/11/2024,2024,11,25,6.9,3.3,5.1,0,0,45
26/11/2024,2024,11,26,5.4,0.7,3.1,0,0,45
27/11/2024,2024,11,27,6.7,1.6,4.2,0,0.9,38
28/11/2024,2024,11,28,6.5,0.4,3.5,0,0,35
29/11/2024,2024,11,29,5.3,0.9,3.1,0,0,41.220186987216174
30/11/2024,2024,11,30,6.5,4.8,5.7,0,0.2,41.220186987216174
12/01/2024,2024,12,1,8.3,-0.4,4,0,0,41.220186987216174
12/02/2024,2024,12,2,7.3,-2.4,2.5,0,0,41.220186987216174
12/03/2024,2024,12,3,6.8,-1.6,2.6,0,0,41.220186987216174
12/04/2024,2024,12,4,4.3,-1.2,1.6,0,0,41.220186987216174
12/05/2024,2024,12,5,6.9,0.5,3.7,0,0,41.220186987216174
12/06/2024,2024,12,6,11.5,3.7,7.6,0,6.3,33
12/07/2024,2024,12,7,11,6.5,8.8,0,12.6,44
12/08/2024,2024,12,8,8.7,3.6,6.2,0,1.1,49
12/09/2024,2024,12,9,7.6,1.6,4.6,0,0,42
12/10/2024,2024,12,10,5.7,-1.6,2.1,0,0,42
12/11/2024,2024,12,11,8.7,0.9,4.8,0,0,46.5
12/12/2024,2024,12,12,6.3,0,3.2,0,0.8,49
13/12/2024,2024,12,13,7.9,4.6,6.3,0,11,47
14/12/2024,2024,12,14,10.1,4.7,7.4,0,2.7,84
15/12/2024,2024,12,15,8.3,2.7,5.5,0,0,36
16/12/2024,2024,12,16,5.4,3.1,4.3,0,4.2,36
17/12/2024,2024,12,17,7.4,4.2,5.8,0,22.7,40
18/12/2024,2024,12,18,11.4,5.6,8.5,0,27.8,56
19/12/2024,2024,12,19,10.4,5,7.7,0,7.8,34
20/12/2024,2024,12,20,11.5,7.6,9.6,0,2.3,32
21/12/2024,2024,12,21,10.2,4.1,7.2,0,5.8,38
22/12/2024,2024,12,22,9.2,6.4,7.8,0,6.2,45
23/12/2024,2024,12,23,12.9,5.2,9.1,0,0,56
24/12/2024,2024,12,24,11.2,5.8,8.5,0,5.7,50
25/12/2024,2024,12,25,7.9,5.1,6.5,0,15.4,57
26/12/2024,2024,12,26,7.9,4.5,6.2,0,29.3,44
27/12/2024,2024,12,27,8,5.5,6.8,0,5,32
28/12/2024,2024,12,28,11.3,5.8,8.6,0,7.1,42
29/12/2024,2024,12,29,7.6,2.6,5.1,0,8.1,43.75
30/12/2024,2024,12,30,5.9,2.6,4.3,0,10.7,39.333333333333336
31/12/2024,2024,12,31,6.5,3.4,5,0,1.4,37
